location,bath,price,bhk,total_sqft
1st block hrbr layout,7.0,235.0,8.0,1200.0
1st block hrbr layout,3.0,125.0,3.0,600.0
1st block hrbr layout,4.0,125.0,3.0,600.0
1st block jayanagar,3.0,194.0,3.0,1630.0
1st block jayanagar,2.0,235.0,3.0,1875.0
1st block jayanagar,2.0,130.0,3.0,1200.0
1st block jayanagar,2.0,148.0,2.0,1235.0
1st block koramangala,2.0,110.0,2.0,1415.0
1st block koramangala,2.0,65.5,2.0,860.0
1st block koramangala,3.0,300.0,4.0,3000.0
1st block koramangala,3.0,210.0,3.0,2350.0
1st phase jp nagar,4.0,250.0,4.0,2825.0
1st phase jp nagar,3.0,167.0,3.0,1875.0
1st phase jp nagar,3.0,157.0,3.0,2024.0
1st phase jp nagar,2.0,100.0,2.0,1394.0
1st phase jp nagar,2.0,93.0,2.0,1077.0
1st phase jp nagar,1.0,63.0,1.0,839.907117
1st phase jp nagar,3.0,131.0,3.0,1590.0
1st phase jp nagar,3.0,210.0,3.0,2180.0
1st phase jp nagar,2.0,88.5,2.0,1180.0
1st phase jp nagar,2.0,86.0,2.0,1200.0
1st phase jp nagar,3.0,175.0,3.0,2077.0
1st phase jp nagar,2.0,85.0,2.0,1205.0
1st phase jp nagar,5.0,222.0,4.0,2615.0
1st phase jp nagar,2.0,75.0,2.0,900.0
2nd block hrbr layout,3.0,90.0,3.0,1480.0
2nd block hrbr layout,3.0,90.0,3.0,1480.0
2nd block hrbr layout,3.0,110.0,3.0,1550.0
2nd block hrbr layout,6.0,74.0,4.0,1050.0
2nd phase jp nagar,4.0,200.0,5.0,2800.0
2nd phase jp nagar,1.0,55.0,2.0,1000.0
2nd phase jp nagar,2.0,78.0,2.0,1040.0
2nd phase jp nagar,2.0,42.5,2.0,850.0
2nd phase judicial layout,2.0,50.75,3.0,1450.0
2nd phase judicial layout,2.0,40.25,2.0,1150.0
2nd phase judicial layout,2.0,47.25,3.0,1350.0
2nd phase judicial layout,2.0,47.25,3.0,1350.0
2nd phase judicial layout,2.0,47.25,3.0,1350.0
2nd phase judicial layout,2.0,40.25,2.0,1150.0
2nd stage nagarbhavi,8.0,450.0,6.0,2400.0
2nd stage nagarbhavi,4.0,240.0,5.0,1200.0
2nd stage nagarbhavi,3.0,95.0,4.0,600.0
2nd stage nagarbhavi,4.0,100.0,3.0,600.0
2nd stage nagarbhavi,4.0,225.0,4.0,1200.0
2nd stage nagarbhavi,4.0,240.0,5.0,1200.0
2nd stage nagarbhavi,4.0,240.0,5.0,1200.0
2nd stage nagarbhavi,4.0,240.0,5.0,1200.0
2nd stage nagarbhavi,4.0,240.0,5.0,1200.0
2nd stage nagarbhavi,3.0,230.0,4.0,1500.0
2nd stage nagarbhavi,4.0,233.0,6.0,1500.0
2nd stage nagarbhavi,4.0,240.0,5.0,1200.0
3rd block hrbr layout,2.0,80.0,2.0,1056.0
3rd block hrbr layout,2.0,95.0,2.0,1300.0
3rd block hrbr layout,3.0,140.0,3.0,1650.0
4th block koramangala,2.0,150.0,2.0,1225.0
4th block koramangala,9.0,500.0,9.0,4500.0
4th t block jayanagar,3.0,185.0,3.0,2401.0
4th t block jayanagar,4.0,333.0,4.0,3900.0
4th t block jayanagar,4.0,120.0,4.0,1550.0
4th t block jayanagar,3.0,185.0,3.0,2400.0
5th block hbr layout,2.0,56.0,2.0,1206.0
5th block hbr layout,2.0,70.0,3.0,1270.0
5th block hbr layout,2.0,69.0,2.0,1312.0
5th block hbr layout,2.0,48.0,2.0,1100.0
5th block hbr layout,5.0,300.0,6.0,5100.0
5th phase jp nagar,2.0,60.0,2.0,1075.0
5th phase jp nagar,3.0,52.5,2.0,1150.0
5th phase jp nagar,2.0,62.8,2.0,1256.0
5th phase jp nagar,2.0,63.0,2.0,1207.0
5th phase jp nagar,2.0,100.0,3.0,1725.0
5th phase jp nagar,2.0,60.0,2.0,1440.0
5th phase jp nagar,2.0,100.0,3.0,1700.0
5th phase jp nagar,2.0,67.0,3.0,1485.0
5th phase jp nagar,5.0,110.0,5.0,2500.0
5th phase jp nagar,1.0,30.0,1.0,600.0
5th phase jp nagar,2.0,65.0,2.0,1390.0
5th phase jp nagar,2.0,62.8,2.0,1256.0
5th phase jp nagar,2.0,48.0,2.0,1000.0
5th phase jp nagar,2.0,75.0,3.0,1350.0
5th phase jp nagar,1.0,23.5,1.0,552.0
5th phase jp nagar,2.0,51.0,2.0,1200.0
5th phase jp nagar,3.0,60.0,3.0,1240.0
5th phase jp nagar,3.0,75.0,3.0,1550.0
5th phase jp nagar,2.0,66.0,3.0,1485.0
5th phase jp nagar,2.0,57.0,2.0,1030.0
5th phase jp nagar,2.0,68.0,2.0,1200.0
5th phase jp nagar,2.0,61.8,2.0,1190.0
5th phase jp nagar,5.0,170.0,5.0,4000.0
5th phase jp nagar,2.0,53.0,2.0,1080.0
5th phase jp nagar,2.0,54.0,2.0,1041.0
5th phase jp nagar,2.0,42.0,2.0,812.0
5th phase jp nagar,2.0,57.0,2.0,1010.0
5th phase jp nagar,2.0,73.0,3.0,1450.0
5th phase jp nagar,2.0,60.0,2.0,1075.0
6th phase jp nagar,2.0,74.0,2.0,1192.0
6th phase jp nagar,2.0,80.0,2.0,1180.0
6th phase jp nagar,4.0,250.0,4.0,3245.0
6th phase jp nagar,3.0,100.0,3.0,1645.0
6th phase jp nagar,2.0,65.0,2.0,1140.0
6th phase jp nagar,6.0,135.0,8.0,1650.0
6th phase jp nagar,2.0,63.0,2.0,1213.0
6th phase jp nagar,2.0,80.0,2.0,1460.0
6th phase jp nagar,3.0,131.0,3.0,1810.0
6th phase jp nagar,2.0,75.0,2.0,1192.0
6th phase jp nagar,2.0,88.0,2.0,1280.0
7th phase jp nagar,2.0,72.0,2.0,1080.0
7th phase jp nagar,2.0,93.0,2.0,1270.0
7th phase jp nagar,2.0,100.0,3.0,1420.0
7th phase jp nagar,2.0,82.0,2.0,1175.0
7th phase jp nagar,2.0,95.0,3.0,1400.0
7th phase jp nagar,3.0,160.0,3.0,2225.0
7th phase jp nagar,2.0,71.0,2.0,1050.0
7th phase jp nagar,2.0,50.49,2.0,918.0
7th phase jp nagar,2.0,100.0,3.0,1450.0
7th phase jp nagar,2.0,96.0,3.0,1420.0
7th phase jp nagar,3.0,120.0,3.0,1680.0
7th phase jp nagar,2.0,69.0,2.0,980.0
7th phase jp nagar,2.0,72.0,2.0,1180.0
7th phase jp nagar,2.0,57.0,3.0,1050.0
7th phase jp nagar,2.0,83.0,2.0,1270.0
7th phase jp nagar,4.0,188.0,4.0,2503.0
7th phase jp nagar,3.0,65.0,3.0,1250.0
7th phase jp nagar,2.0,110.0,3.0,1575.0
7th phase jp nagar,3.0,120.0,3.0,1680.0
7th phase jp nagar,2.0,82.5,2.0,1175.0
7th phase jp nagar,4.0,160.0,3.0,3300.0
7th phase jp nagar,4.0,105.0,3.0,2200.0
7th phase jp nagar,2.0,90.0,2.0,1215.0
7th phase jp nagar,2.0,75.0,2.0,1050.0
7th phase jp nagar,3.0,89.13,3.0,1300.0
7th phase jp nagar,2.0,73.0,2.0,1130.0
7th phase jp nagar,3.0,100.0,3.0,1450.0
7th phase jp nagar,2.0,50.0,2.0,1050.0
7th phase jp nagar,2.0,87.0,2.0,1275.0
7th phase jp nagar,3.0,70.0,3.0,1460.0
7th phase jp nagar,3.0,110.0,3.0,1650.0
7th phase jp nagar,2.0,42.0,2.0,850.0
7th phase jp nagar,3.0,117.0,3.0,1680.0
7th phase jp nagar,2.0,61.33,2.0,1236.0
7th phase jp nagar,2.0,53.0,2.0,1000.0
7th phase jp nagar,3.0,125.0,3.0,1680.0
7th phase jp nagar,2.0,59.0,2.0,1187.0
7th phase jp nagar,2.0,61.0,2.0,1000.0
7th phase jp nagar,2.0,100.0,3.0,1460.0
7th phase jp nagar,3.0,110.0,3.0,1650.0
7th phase jp nagar,2.0,62.5,2.0,1200.0
7th phase jp nagar,2.0,70.65,2.0,1000.0
7th phase jp nagar,2.0,75.0,2.0,1080.0
7th phase jp nagar,3.0,125.0,3.0,1680.0
7th phase jp nagar,2.0,97.0,3.0,1460.0
7th phase jp nagar,2.0,65.0,2.0,1120.0
7th phase jp nagar,3.0,60.0,2.0,1100.0
7th phase jp nagar,3.0,120.0,3.0,1790.0
7th phase jp nagar,3.0,117.0,3.0,1680.0
7th phase jp nagar,2.0,77.0,2.0,1050.0
7th phase jp nagar,2.0,75.0,2.0,1050.0
7th phase jp nagar,2.0,75.0,2.0,1040.0
7th phase jp nagar,2.0,95.0,3.0,1400.0
7th phase jp nagar,3.0,130.0,3.0,1800.0
7th phase jp nagar,2.0,68.0,2.0,1050.0
7th phase jp nagar,2.0,60.0,2.0,1000.0
7th phase jp nagar,3.0,125.0,3.0,1680.0
7th phase jp nagar,2.0,77.47,2.0,1050.0
7th phase jp nagar,2.0,80.0,2.0,1270.0
7th phase jp nagar,3.0,122.0,3.0,1680.0
7th phase jp nagar,2.0,85.0,2.0,1130.0
7th phase jp nagar,3.0,112.0,3.0,1680.0
7th phase jp nagar,2.0,76.0,3.0,1515.0
7th phase jp nagar,3.0,150.0,3.0,2095.0
7th phase jp nagar,3.0,145.0,3.0,1976.0
7th phase jp nagar,2.0,110.0,3.0,1600.0
7th phase jp nagar,3.0,118.0,3.0,1765.0
7th phase jp nagar,2.0,88.0,3.0,1275.0
7th phase jp nagar,2.0,102.0,3.0,1450.0
7th phase jp nagar,2.0,110.0,3.0,1575.0
7th phase jp nagar,2.0,57.0,3.0,1075.0
7th phase jp nagar,1.0,47.0,1.0,750.0
7th phase jp nagar,2.0,50.0,2.0,990.0
7th phase jp nagar,1.0,60.0,1.0,1000.0
7th phase jp nagar,2.0,51.0,2.0,1080.0
7th phase jp nagar,2.0,92.0,3.0,1680.0
7th phase jp nagar,2.0,102.0,3.0,1430.0
7th phase jp nagar,2.0,60.0,2.0,1128.0
7th phase jp nagar,2.0,57.0,2.0,1140.0
7th phase jp nagar,3.0,90.0,3.0,1420.0
7th phase jp nagar,2.0,108.0,2.0,1530.0
8th block koramangala,3.0,290.0,3.0,2400.0
8th block koramangala,2.0,85.0,3.0,600.0
8th phase jp nagar,2.0,54.005,2.0,1073.5
8th phase jp nagar,3.0,43.5,3.0,1240.0
8th phase jp nagar,2.0,42.47,2.0,1062.0
8th phase jp nagar,2.0,43.5,3.0,1230.0
8th phase jp nagar,3.0,73.31,3.0,1455.0
8th phase jp nagar,2.0,43.91,2.0,1098.0
8th phase jp nagar,3.0,80.0,3.0,1800.0
8th phase jp nagar,4.0,130.0,4.0,2700.0
8th phase jp nagar,2.0,38.0,2.0,1080.0
8th phase jp nagar,2.0,42.47,2.0,1062.0
8th phase jp nagar,4.0,92.0,4.0,2100.0
8th phase jp nagar,2.0,39.33,2.0,1035.0
8th phase jp nagar,2.0,40.9,2.0,909.0
8th phase jp nagar,3.0,72.02,3.0,1431.5
8th phase jp nagar,4.0,90.0,3.0,1900.0
8th phase jp nagar,2.0,43.55,2.0,1089.0
8th phase jp nagar,2.0,65.0,3.0,1605.0
8th phase jp nagar,2.0,83.0,3.0,1504.0
8th phase jp nagar,4.0,115.0,4.0,2600.0
8th phase jp nagar,2.0,54.71,3.0,1368.0
8th phase jp nagar,2.0,43.55,2.0,1089.0
8th phase jp nagar,2.0,48.95,3.0,1224.0
8th phase jp nagar,2.0,62.0,2.0,1513.0
8th phase jp nagar,2.0,59.0,2.0,1298.0
8th phase jp nagar,2.0,44.0,2.0,1006.0
8th phase jp nagar,2.0,59.0,2.0,1245.0
8th phase jp nagar,2.0,80.0,2.0,1510.0
8th phase jp nagar,3.0,165.0,3.0,3300.0
8th phase jp nagar,5.0,75.0,5.0,1730.0
8th phase jp nagar,2.0,51.83,3.0,1296.0
8th phase jp nagar,3.0,45.0,3.0,1275.0
8th phase jp nagar,2.0,48.0,2.0,1046.0
8th phase jp nagar,2.0,50.75,3.0,1269.0
8th phase jp nagar,3.0,80.0,3.0,1408.0
8th phase jp nagar,2.0,55.0,3.0,1500.0
9th phase jp nagar,2.0,50.0,2.0,1005.0
9th phase jp nagar,2.0,85.0,3.0,1890.0
9th phase jp nagar,2.0,45.0,2.0,1035.0
9th phase jp nagar,4.0,290.0,4.0,5000.0
9th phase jp nagar,2.0,56.0,2.0,1164.0
9th phase jp nagar,2.0,42.0,2.0,1005.0
9th phase jp nagar,2.0,50.0,2.0,1127.0
9th phase jp nagar,2.0,43.0,2.0,1005.0
9th phase jp nagar,2.0,37.0,2.0,835.0
9th phase jp nagar,2.0,39.0,2.0,1050.0
9th phase jp nagar,2.0,27.0,2.0,660.0
9th phase jp nagar,2.0,71.0,2.0,1466.0
9th phase jp nagar,2.0,93.0,3.0,1890.0
9th phase jp nagar,2.0,60.0,2.0,1079.0
9th phase jp nagar,2.0,80.0,2.0,1480.0
9th phase jp nagar,2.0,52.36,2.0,1073.0
9th phase jp nagar,2.0,88.0,3.0,1719.3
9th phase jp nagar,3.0,88.0,3.0,1780.0
9th phase jp nagar,2.0,58.0,3.0,1300.0
9th phase jp nagar,3.0,65.0,3.0,1571.0
9th phase jp nagar,4.0,80.0,4.0,1900.0
9th phase jp nagar,2.0,45.0,2.0,890.0
9th phase jp nagar,2.0,69.0,2.0,1331.95
abbaiah reddy layout,2.0,38.45,2.0,1100.0
abbaiah reddy layout,2.0,38.49,2.0,1100.0
abbaiah reddy layout,2.0,41.0,2.0,1190.0
abbaiah reddy layout,2.0,38.5,2.0,1100.0
abbigere,2.0,40.39,2.0,985.0
abbigere,2.0,30.0,1.0,765.0
abbigere,2.0,35.0,2.0,880.0
abbigere,2.0,32.54,2.0,795.0
abbigere,2.0,39.59,2.0,1005.0
abbigere,2.0,45.0,3.0,1260.0
abbigere,2.0,41.82,2.0,1020.0
abbigere,2.0,40.39,2.0,985.0
abbigere,2.0,32.54,2.0,795.0
abbigere,2.0,46.33,2.0,1130.0
abbigere,1.0,32.6,2.0,795.0
abbigere,2.0,38.92,2.0,985.0
abbigere,2.0,41.0,2.0,1000.0
abbigere,2.0,40.8,2.0,995.0
abbigere,2.0,40.8,2.0,1020.0
aecs layout,2.0,65.0,2.0,1199.0
aecs layout,2.0,55.0,2.0,1080.0
aecs layout,2.0,60.0,2.0,1308.0
aecs layout,3.0,90.0,3.0,2000.0
ags layout,2.0,46.79,2.0,1040.0
ags layout,3.0,110.0,3.0,1936.0
ags layout,2.0,48.38,2.0,1075.0
akshaya nagar,2.0,54.0,2.0,1070.0
akshaya nagar,3.0,85.1,3.0,1662.0
akshaya nagar,2.0,75.0,3.0,1410.0
akshaya nagar,2.0,80.0,3.0,1410.0
akshaya nagar,3.0,85.0,3.0,1662.0
akshaya nagar,3.0,85.5,3.0,1662.0
akshaya nagar,2.0,60.0,2.0,1280.0
akshaya nagar,3.0,95.0,3.0,1666.0
akshaya nagar,3.0,90.0,3.0,1575.0
akshaya nagar,2.0,75.0,3.0,1430.0
akshaya nagar,2.0,73.0,3.0,1419.0
akshaya nagar,2.0,60.0,2.0,1280.0
akshaya nagar,2.0,60.0,2.0,1092.0
akshaya nagar,3.0,85.0,3.0,1690.0
akshaya nagar,3.0,80.0,3.0,1700.0
akshaya nagar,4.0,93.0,3.0,1897.0
akshaya nagar,3.0,98.0,3.0,1884.0
akshaya nagar,2.0,68.8,2.0,1314.0
akshaya nagar,3.0,85.0,3.0,1690.0
akshaya nagar,2.0,67.0,2.0,1265.0
akshaya nagar,2.0,55.0,2.0,1126.0
akshaya nagar,3.0,90.0,3.0,1662.0
akshaya nagar,2.0,75.0,3.0,1420.0
akshaya nagar,4.0,100.0,3.0,1890.0
akshaya nagar,3.0,125.0,3.0,2650.0
akshaya nagar,3.0,85.0,3.0,1690.0
akshaya nagar,2.0,52.0,2.0,1113.0
akshaya nagar,4.0,95.0,3.0,1820.0
akshaya nagar,3.0,102.0,3.0,1896.0
akshaya nagar,2.0,66.0,2.0,1300.0
akshaya nagar,2.0,68.0,2.0,1225.0
akshaya nagar,2.0,73.0,3.0,1421.0
akshaya nagar,4.0,95.0,3.0,1893.0
akshaya nagar,2.0,45.0,2.0,900.0
akshaya vana,4.0,170.0,4.0,4000.0
akshaya vana,2.0,49.0,3.0,1300.0
akshaya vana,2.0,49.0,3.0,1280.0
akshaya vana,2.0,49.0,3.0,1260.0
akshaya vana,2.0,52.0,2.0,1427.0
akshayanagara east,2.0,76.0,2.0,1210.0
akshayanagara east,3.0,67.23,3.0,1519.0
akshayanagara east,3.0,70.39,3.0,1595.0
akshayanagara east,2.0,50.0,2.0,1230.0
ambalipura,3.0,110.0,3.0,1800.0
ambalipura,2.0,79.0,2.0,1332.0
ambalipura,3.0,198.0,3.0,3500.0
ambalipura,2.0,66.25,2.0,1230.0
ambalipura,2.0,77.0,2.0,1351.0
ambalipura,4.0,149.0,4.0,2550.0
ambalipura,3.0,102.0,3.0,1817.0
ambalipura,2.0,80.0,2.0,1303.0
ambalipura,1.0,43.82,1.0,770.0
ambalipura,2.0,58.5,2.0,1060.0
ambalipura,3.0,100.0,3.0,1650.0
ambalipura,2.0,80.0,2.0,1198.0
ambedkar colony,1.0,142.0,2.0,1463.0
ambedkar colony,2.0,145.0,2.0,1464.0
ambedkar nagar,4.0,130.0,3.0,1935.0
ambedkar nagar,2.0,90.0,2.0,1424.0
ambedkar nagar,3.0,120.0,3.0,1862.0
ambedkar nagar,4.0,126.0,3.0,1936.0
ambedkar nagar,3.0,119.0,3.0,1862.0
ambedkar nagar,2.0,90.0,2.0,1424.0
ambedkar nagar,3.0,120.0,3.0,1856.0
ambedkar nagar,3.0,130.0,3.0,1852.0
ambedkar nagar,4.0,120.0,3.0,1850.0
ambedkar nagar,2.0,86.0,2.0,1367.0
ambedkar nagar,2.0,95.0,2.0,1409.0
ambedkar nagar,4.0,120.0,3.0,1950.0
ambedkar nagar,4.0,129.0,3.0,1921.0
ambedkar nagar,4.0,121.0,3.0,1920.0
ambedkar nagar,4.0,125.0,3.0,1935.0
ambedkar nagar,4.0,122.0,3.0,1852.0
ambedkar nagar,4.0,120.0,3.0,1950.0
ambedkar nagar,3.0,125.0,3.0,1852.0
ambedkar nagar,4.0,121.0,3.0,1850.0
ambedkar nagar,2.0,94.0,2.0,1425.0
ambedkar nagar,4.0,150.0,3.0,2395.0
amblipura,3.0,100.0,3.0,1605.0
amblipura,2.0,80.0,3.0,1300.0
amruthahalli,2.0,40.0,2.0,900.0
amruthahalli,2.0,55.0,2.0,1200.0
amruthahalli,2.0,45.0,2.0,924.0
amruthahalli,2.0,55.0,2.0,1200.0
amruthahalli,2.0,63.0,3.0,1350.0
amruthahalli,3.0,77.0,3.0,1700.0
amruthahalli,2.0,85.0,3.0,1450.0
amruthahalli,2.0,55.0,2.0,1200.0
amruthahalli,2.0,50.0,2.0,1190.0
amruthahalli,2.0,65.0,2.0,1202.0
amruthahalli,2.0,75.0,2.0,1340.0
anand nagar,2.0,55.0,2.0,1060.0
anand nagar,2.0,55.0,2.0,1135.0
anand nagar,2.0,75.0,3.0,1080.0
anand nagar,2.0,70.0,2.0,1200.0
anand nagar,3.0,125.0,3.0,2010.0
anandapura,2.0,43.76,2.0,1167.0
anandapura,2.0,42.79,2.0,1141.0
anandapura,3.0,59.1,3.0,1576.0
anandapura,2.0,58.0,2.0,1200.0
anandapura,2.0,43.1,2.0,1151.0
anandapura,2.0,42.75,2.0,1141.0
anandapura,2.0,48.0,2.0,900.0
anandapura,4.0,90.0,4.0,1749.0
anandapura,2.0,42.9,2.0,1151.0
anandapura,3.0,58.0,3.0,1576.0
anandapura,2.0,43.16,2.0,1151.0
anandapura,2.0,58.0,2.0,1200.0
anandapura,2.0,74.0,3.0,1415.0
anandapura,2.0,50.0,2.0,1200.0
anandapura,2.0,50.0,2.0,1141.0
anandapura,3.0,58.7,3.0,1576.0
ananth nagar,1.0,14.0,1.0,500.0
ananth nagar,2.0,31.5,2.0,1100.0
ananth nagar,2.0,14.0,1.0,500.0
ananth nagar,2.0,26.0,2.0,908.0
ananth nagar,1.0,14.0,1.0,500.0
ananth nagar,2.0,29.7,2.0,1000.0
ananth nagar,2.0,25.99,2.0,850.0
ananth nagar,2.0,25.26,2.0,902.0
ananth nagar,2.0,25.5,2.0,810.0
ananth nagar,2.0,27.0,2.0,890.0
ananth nagar,2.0,36.0,2.0,1200.0
ananth nagar,3.0,37.75,3.0,1319.0
ananth nagar,3.0,42.0,3.0,1319.0
ananth nagar,2.0,25.0,2.0,902.0
ananth nagar,2.0,25.99,2.0,930.0
ananth nagar,1.0,14.0,1.0,500.0
anekal,1.0,36.0,2.0,1200.0
anekal,2.0,22.0,2.0,656.0
anekal,2.0,22.0,2.0,620.0
anekal,1.0,18.0,1.0,530.0
anekal,3.0,68.0,3.0,1800.0
anekal,1.0,36.0,2.0,1200.0
anekal,2.0,38.3,2.0,1035.0
anekal,2.0,34.0,2.0,888.0
anekal,2.0,36.1,2.0,1200.0
anekal,1.0,36.0,2.0,1200.0
anekal,2.0,36.0,4.0,1200.0
anekal,2.0,28.0,2.0,766.0
anekal,1.0,23.5,2.0,620.0
anekal,3.0,45.0,3.0,1150.0
anekal,1.0,36.0,2.0,1200.0
anekal,1.0,36.0,2.0,1200.0
anekal,1.0,15.0,1.0,456.0
anekal,1.0,36.0,2.0,1200.0
anekal,1.0,36.0,2.0,1200.0
anekal,4.0,95.0,3.0,2400.0
anekal,2.0,36.1,2.0,1200.0
anekal,2.0,36.1,2.0,1200.0
anekal,1.0,21.0,2.0,680.0
anekal,1.0,12.5,1.0,420.0
anekal,1.0,25.0,2.0,625.0
anjanapura,4.0,86.0,4.0,1850.0
anjanapura,2.0,39.0,2.0,1070.0
anjanapura,2.0,37.0,2.0,1070.0
anjanapura,2.0,40.0,2.0,950.0
anjanapura,2.0,45.0,3.0,1280.0
anjanapura,2.0,25.0,2.0,710.0
anjanapura,2.0,37.72,3.0,1347.0
anjanapura,2.0,32.0,2.0,950.0
anjanapura,4.0,55.0,4.0,1800.0
anjanapura,3.0,87.54,3.0,1843.0
anjanapura,2.0,30.13,2.0,1076.0
anjanapura,2.0,30.0,2.0,950.0
ardendale,3.0,100.0,3.0,1750.0
ardendale,4.0,200.0,4.0,3198.0
ardendale,3.0,100.0,3.0,1750.0
ardendale,4.0,205.0,4.0,3200.0
ardendale,3.0,95.0,3.0,1728.0
ardendale,3.0,92.0,3.0,1732.46
ardendale,2.0,70.0,2.0,1224.0
ardendale,3.0,105.0,3.0,1777.26
ardendale,2.0,67.0,2.0,1224.0
ardendale,3.0,95.0,3.0,1723.0
ardendale,3.0,92.0,3.0,1777.26
arekere,3.0,140.0,3.0,2060.0
arekere,2.0,40.0,2.0,920.0
arekere,2.0,95.0,3.0,1740.0
arekere,2.0,55.0,2.0,1190.0
arekere,1.0,28.0,1.0,600.0
arekere,3.0,108.0,3.0,2072.0
arekere,2.0,55.0,2.0,1100.0
arekere,2.0,50.0,2.0,900.0
arekere,6.0,142.0,4.0,2710.0
arekere,2.0,60.0,2.0,1240.0
arekere,2.0,44.5,2.0,900.0
ashirvad colony,2.0,53.0,2.0,1100.0
ashirvad colony,3.0,100.0,4.0,2050.0
ashwath nagar,3.0,84.0,3.0,1644.0
ashwath nagar,3.0,84.0,3.0,1640.0
ashwathnagar,2.0,42.0,2.0,936.0
ashwathnagar,2.0,43.0,2.0,936.0
ashwathnagar,2.0,55.0,2.0,1100.0
attibele,1.0,11.0,1.0,450.0
attibele,4.0,52.8,4.0,1600.0
attibele,2.0,25.0,2.0,656.0
attibele,1.0,11.0,1.0,400.0
attibele,1.0,12.0,1.0,400.0
attibele,1.0,14.0,1.0,400.0
attibele,1.0,17.0,1.0,500.0
attibele,1.0,10.25,1.0,395.0
attibele,2.0,40.98,3.0,1639.0
attibele,1.0,12.0,1.0,418.0
attibele,2.0,42.0,2.0,1200.0
attibele,1.0,10.0,1.0,400.0
attibele,1.0,25.0,2.0,695.0
attibele,1.0,25.0,2.0,850.0
attibele,1.0,12.5,1.0,450.0
attibele,1.0,24.88,2.0,995.0
attibele,1.0,25.0,2.0,900.0
attibele,2.0,29.35,2.0,1174.0
attibele,1.0,19.55,1.0,782.0
attibele,2.0,29.38,2.0,1175.0
attibele,2.0,25.0,2.0,656.0
attibele,1.0,11.5,1.0,400.0
attibele,1.0,13.0,1.0,460.0
attibele,2.0,11.5,1.0,418.0
attibele,2.0,24.9,2.0,996.0
attibele,1.0,10.0,1.0,410.0
attibele,3.0,65.0,3.0,1700.0
attibele,1.0,10.25,1.0,400.0
attibele,2.0,25.0,2.0,656.0
attibele,1.0,15.0,1.0,520.0
austin town,2.0,60.0,2.0,1250.0
austin town,2.0,23.0,1.0,600.0
b narayanapura,2.0,58.27,2.0,1313.0
b narayanapura,2.0,73.0,3.0,1460.0
b narayanapura,2.0,70.0,3.0,1405.0
b narayanapura,2.0,49.27,2.0,1060.0
b narayanapura,2.0,49.0,2.0,1020.0
b narayanapura,2.0,50.0,2.0,1075.0
babusapalaya,2.0,41.39,3.0,1213.0
babusapalaya,2.0,66.0,3.0,1611.0
babusapalaya,2.0,39.98,3.0,1167.0
babusapalaya,3.0,75.0,3.0,1675.0
babusapalaya,2.0,46.0,2.0,1141.0
babusapalaya,2.0,57.0,2.0,1500.0
babusapalaya,2.0,45.0,2.0,1050.0
babusapalaya,2.0,45.9,2.0,1141.0
babusapalaya,3.0,53.0,3.0,1230.0
babusapalaya,2.0,40.0,2.0,1105.0
babusapalaya,2.0,55.99,2.0,1450.0
babusapalaya,2.0,38.0,2.0,1100.0
babusapalaya,2.0,38.95,2.0,1061.0
babusapalaya,2.0,34.0,2.0,1061.0
badavala nagar,2.0,94.55,3.0,1494.0
badavala nagar,2.0,94.55,3.0,1494.0
badavala nagar,2.0,94.55,3.0,1494.0
bagalakunte,4.0,150.0,4.0,2360.0
balagere,2.0,72.0,2.0,1210.0
balagere,2.0,78.5,2.0,1205.0
balagere,2.0,65.0,2.0,1145.0
balagere,2.0,65.0,2.0,1007.0
balagere,2.0,70.0,2.0,1205.0
balagere,2.0,74.0,2.0,1210.0
balagere,1.0,45.0,1.0,675.0
balagere,1.0,43.0,1.0,656.0
balagere,2.0,64.0,2.0,1012.0
balagere,2.0,62.0,2.0,1007.0
balagere,2.0,67.0,2.0,1007.0
balagere,2.0,66.0,2.0,1007.0
balagere,2.0,69.0,2.0,1210.0
balagere,2.0,65.0,2.0,1012.0
balagere,1.0,38.77,1.0,656.0
balagere,1.0,39.0,1.0,645.0
balagere,1.0,41.0,1.0,645.0
balagere,2.0,73.87,2.0,1205.0
balagere,2.0,67.0,2.0,1205.0
balagere,2.0,79.0,2.0,1205.0
banagiri nagar,2.0,122.0,3.0,1525.0
banagiri nagar,2.0,125.0,3.0,1560.0
banagiri nagar,2.0,120.0,3.0,1500.0
banashankari,2.0,88.64,3.0,1470.0
banashankari,2.0,75.0,3.0,1300.0
banashankari,3.0,115.0,3.0,1800.0
banashankari,2.0,63.0,2.0,1125.0
banashankari,2.0,53.6,3.0,1340.0
banashankari,2.0,80.0,2.0,1310.0
banashankari,4.0,135.0,3.0,2600.0
banashankari,2.0,75.0,2.0,1260.0
banashankari,2.0,46.79,2.0,1170.0
banashankari,2.0,83.0,3.0,1350.0
banashankari,2.0,78.0,2.0,1330.0
banashankari,2.0,78.0,3.0,1400.0
banashankari,3.0,125.0,3.0,1700.0
banashankari,2.0,40.79,2.0,1020.0
banashankari,2.0,63.98,2.0,1600.0
banashankari,2.0,86.0,2.0,1390.0
banashankari,2.0,70.0,2.0,1460.0
banashankari,2.0,60.0,2.0,1200.0
banashankari,2.0,80.0,2.0,1290.0
banashankari,2.0,65.0,2.0,1186.0
banashankari,3.0,101.0,3.0,1650.0
banashankari,2.0,55.0,3.0,1300.0
banashankari,2.0,75.0,2.0,1181.0
banashankari,2.0,45.0,2.0,1040.0
banashankari,2.0,77.0,2.0,1330.0
banashankari,2.0,49.0,2.0,1200.0
banashankari,2.0,67.0,2.0,1185.0
banashankari,2.0,50.0,2.0,1000.0
banashankari,3.0,90.75,3.0,1650.0
banashankari,3.0,101.0,3.0,1650.0
banashankari,2.0,80.43,2.0,1310.0
banashankari,1.0,27.0,2.0,600.0
banashankari,2.0,87.8,2.0,1430.0
banashankari,2.0,42.83,2.0,1020.0
banashankari,3.0,80.0,3.0,1540.0
banashankari,3.0,115.0,3.0,1683.0
banashankari,3.0,125.0,3.0,1800.0
banashankari,2.0,89.0,3.0,1750.0
banashankari,3.0,108.0,3.0,1770.0
banashankari,3.0,125.0,3.0,1800.0
banashankari,3.0,66.0,3.0,1420.0
banashankari,3.0,74.52,3.0,1200.0
banashankari,2.0,63.0,2.0,1100.0
banashankari,2.0,40.79,2.0,1020.0
banashankari,2.0,75.0,2.0,1260.0
banashankari,2.0,53.6,3.0,1340.0
banashankari,3.0,85.0,3.0,1426.0
banashankari stage ii,2.0,150.0,2.0,1700.0
banashankari stage ii,2.0,150.0,4.0,1200.0
banashankari stage ii,2.0,120.0,3.0,1500.0
banashankari stage ii,2.0,55.0,2.0,500.0
banashankari stage ii,3.0,125.0,4.0,1050.0
banashankari stage ii,2.0,110.0,2.0,1250.0
banashankari stage ii,2.0,95.0,3.0,1260.0
banashankari stage ii,2.0,300.0,3.0,2400.0
banashankari stage ii,3.0,425.0,5.0,2800.0
banashankari stage ii,3.0,450.0,3.0,3000.0
banashankari stage ii,2.0,125.0,2.0,1245.0
banashankari stage iii,2.0,58.7,3.0,1305.0
banashankari stage iii,2.0,58.4,2.0,1145.0
banashankari stage iii,3.0,118.0,3.0,1650.0
banashankari stage iii,4.0,240.0,4.0,2400.0
banashankari stage iii,2.0,68.0,3.0,1350.0
banashankari stage iii,4.0,100.0,4.0,2000.0
banashankari stage iii,2.0,59.0,3.0,1305.0
banashankari stage iii,2.0,60.0,3.0,1305.0
banashankari stage iii,2.0,59.0,3.0,1305.0
banashankari stage iii,3.0,75.48,3.0,1480.0
banashankari stage iii,2.0,59.0,3.0,1305.0
banashankari stage iii,2.0,111.0,2.0,1304.0
banashankari stage iii,6.0,150.0,6.0,3000.0
banashankari stage iii,2.0,50.0,2.0,1085.0
banashankari stage iii,2.0,100.0,3.0,1500.0
banashankari stage iii,3.0,147.0,4.0,2100.0
banashankari stage iii,2.0,95.0,3.0,1420.0
banashankari stage v,2.0,49.0,3.0,1305.0
banashankari stage v,2.0,35.77,2.0,1035.0
banashankari stage v,3.0,47.57,3.0,1510.0
banashankari stage v,3.0,51.98,3.0,1650.0
banashankari stage v,3.0,51.35,3.0,1630.0
banashankari stage v,3.0,47.57,3.0,1510.0
banashankari stage v,2.0,49.0,3.0,1315.0
banashankari stage v,3.0,48.51,3.0,1540.0
banashankari stage vi,2.0,59.935,2.0,1177.5
banashankari stage vi,4.0,190.0,4.0,4800.0
banashankari stage vi,2.0,59.0,2.0,1160.0
banashankari stage vi,2.0,59.47,2.0,1180.0
banashankari stage vi,2.0,71.73,3.0,1423.0
banashankari stage vi,3.0,69.46,3.0,1392.0
banashankari stage vi,2.0,70.385,3.0,1410.5
banashankari stage vi,3.0,200.0,4.0,4800.0
banaswadi,2.0,53.0,2.0,1184.0
banaswadi,2.0,55.0,2.0,1145.0
banaswadi,2.0,60.0,2.0,1250.0
banaswadi,4.0,214.0,4.0,3161.0
banaswadi,2.0,73.0,2.0,1365.0
banaswadi,6.0,140.0,5.0,1903.0
banaswadi,2.0,80.0,2.0,1222.0
banaswadi,2.0,38.0,2.0,870.0
banaswadi,2.0,60.0,2.0,1200.0
banaswadi,3.0,74.5,3.0,1600.0
banaswadi,1.0,35.0,1.0,527.0
banaswadi,2.0,73.0,2.0,1340.0
banaswadi,2.0,52.0,2.0,1008.0
banaswadi,2.0,57.0,2.0,1105.0
banjara layout,5.0,96.0,5.0,1200.0
banjara layout,2.0,64.8,2.0,1050.0
banjara layout,3.0,59.5,2.0,753.0
bank of baroda colony,5.0,350.0,4.0,2400.0
bank of baroda colony,2.0,185.0,2.0,1350.0
bank of baroda colony,5.0,325.0,5.0,2350.0
bannerghatta,4.0,50.0,4.0,810.0
bannerghatta,3.0,110.0,3.0,1665.0
bannerghatta,2.0,66.0,2.0,1100.0
bannerghatta,2.0,70.0,2.0,1113.0
bannerghatta,2.0,73.2,2.0,1200.0
bannerghatta,3.0,124.0,3.0,1776.0
bannerghatta road,2.0,65.0,2.0,1050.0
bannerghatta road,2.0,66.0,3.0,1170.0
bannerghatta road,1.0,33.32,1.0,595.0
bannerghatta road,3.0,58.0,4.0,1380.0
bannerghatta road,2.0,90.0,3.0,1460.0
bannerghatta road,2.0,66.02,2.0,1179.0
bannerghatta road,2.0,58.935,2.0,1122.5
bannerghatta road,2.0,45.0,2.0,793.0
bannerghatta road,2.0,78.0,2.0,1400.0
bannerghatta road,5.0,158.0,5.0,2700.0
bannerghatta road,3.0,100.0,3.0,1654.0
bannerghatta road,2.0,55.0,2.0,1181.0
bannerghatta road,2.0,72.0,3.0,1460.0
bannerghatta road,2.0,75.0,2.0,1200.0
bannerghatta road,1.0,31.83,1.0,595.0
bannerghatta road,2.0,51.0,2.0,1105.0
bannerghatta road,2.0,65.26,2.0,1255.0
bannerghatta road,3.0,78.0,3.0,1550.0
bannerghatta road,3.0,82.0,3.0,1550.0
bannerghatta road,2.0,75.0,3.0,1550.0
bannerghatta road,2.0,55.0,2.0,912.0
bannerghatta road,2.0,73.0,2.0,1218.0
bannerghatta road,2.0,65.12,2.0,1115.0
bannerghatta road,3.0,100.0,3.0,1893.0
bannerghatta road,3.0,95.0,3.0,1600.0
bannerghatta road,2.0,65.0,2.0,1275.0
bannerghatta road,2.0,39.0,2.0,892.0
bannerghatta road,3.0,95.0,3.0,1880.0
bannerghatta road,2.0,70.0,2.0,1260.0
bannerghatta road,3.0,90.0,3.0,1788.0
bannerghatta road,2.0,65.0,2.0,1150.0
bannerghatta road,4.0,450.0,4.0,10000.0
bannerghatta road,3.0,68.0,3.0,1400.0
bannerghatta road,3.0,110.0,3.0,1725.0
bannerghatta road,4.0,390.0,3.0,9000.0
bannerghatta road,2.0,80.0,2.0,1220.0
bannerghatta road,3.0,83.22,3.0,1486.0
bannerghatta road,2.0,75.0,3.0,1460.0
bannerghatta road,2.0,48.0,2.0,1015.0
bannerghatta road,2.0,61.0,2.0,1115.0
bannerghatta road,2.0,48.0,2.0,1136.0
bannerghatta road,2.0,69.0,3.0,1200.0
bannerghatta road,2.0,76.0,3.0,1465.0
bannerghatta road,2.0,67.73,2.0,1302.5
bannerghatta road,2.0,65.0,2.0,1200.0
bannerghatta road,2.0,65.0,2.0,1240.0
bannerghatta road,2.0,52.0,3.0,1100.0
bannerghatta road,3.0,84.29,3.0,1532.5
bannerghatta road,2.0,69.0,2.0,1268.0
bannerghatta road,2.0,87.0,3.0,1450.0
bannerghatta road,2.0,75.0,3.0,1625.0
bannerghatta road,2.0,58.0,2.0,960.0
bannerghatta road,2.0,73.0,2.0,1275.0
bannerghatta road,2.0,71.0,2.0,1240.0
bannerghatta road,2.0,60.0,3.0,1305.0
bannerghatta road,2.0,68.0,2.0,1215.0
bannerghatta road,2.0,68.0,2.0,1215.0
bannerghatta road,3.0,115.0,3.0,1894.0
bannerghatta road,3.0,89.0,3.0,1693.0
bannerghatta road,2.0,60.16,2.0,1280.0
bannerghatta road,5.0,165.0,4.0,3230.0
bannerghatta road,1.0,35.0,1.0,630.0
bannerghatta road,2.0,68.0,2.0,1215.0
bannerghatta road,3.0,76.18,3.0,1365.0
bannerghatta road,3.0,79.465,3.0,1532.5
bannerghatta road,3.0,90.0,3.0,1655.0
bannerghatta road,3.0,94.0,3.0,1650.0
bannerghatta road,2.0,50.0,2.0,1000.0
bannerghatta road,3.0,120.0,4.0,2185.0
bannerghatta road,2.0,45.0,2.0,1012.0
bannerghatta road,3.0,85.0,3.0,1725.0
bannerghatta road,2.0,80.0,3.0,1460.0
bannerghatta road,2.0,85.0,2.0,1340.0
bannerghatta road,2.0,81.0,3.0,1520.0
bannerghatta road,3.0,148.0,3.0,2826.0
bannerghatta road,2.0,61.0,2.0,1115.0
bannerghatta road,2.0,44.5,2.0,1000.0
bannerghatta road,3.0,105.0,3.0,1640.0
bannerghatta road,2.0,44.0,2.0,1012.0
bannerghatta road,3.0,85.0,3.0,1660.0
bannerghatta road,3.0,96.5,3.0,1880.0
bannerghatta road,3.0,96.0,3.0,1550.0
bannerghatta road,2.0,78.0,2.0,1200.0
bannerghatta road,2.0,73.0,3.0,1453.0
bannerghatta road,2.0,78.0,3.0,1450.0
bannerghatta road,1.0,31.2,1.0,700.0
bannerghatta road,3.0,68.0,3.0,1630.0
bannerghatta road,3.0,69.0,3.0,1400.0
bannerghatta road,2.0,58.0,2.0,905.0
bannerghatta road,2.0,75.0,3.0,1465.0
bannerghatta road,3.0,122.0,3.0,1920.0
bannerghatta road,3.0,80.0,3.0,1660.0
bannerghatta road,2.0,80.0,3.0,1520.0
bannerghatta road,2.0,73.0,3.0,1270.0
bannerghatta road,3.0,120.0,3.0,1846.0
bannerghatta road,4.0,140.0,4.0,3000.0
bannerghatta road,2.0,61.74,2.0,1122.5
bannerghatta road,3.0,95.0,3.0,1655.0
bannerghatta road,2.0,53.0,2.0,1206.0
bannerghatta road,2.0,55.0,2.0,1150.0
bannerghatta road,2.0,65.0,2.0,1215.0
bannerghatta road,2.0,85.0,3.0,1470.0
bannerghatta road,2.0,57.0,2.0,970.0
basapura,2.0,55.0,2.0,1301.0
basapura,2.0,70.0,3.0,1540.0
basapura,3.0,72.0,3.0,1440.0
basavanapura,2.0,68.0,2.0,1220.0
basavanapura,2.0,38.52,2.0,1095.0
basavanapura,2.0,65.0,2.0,1165.0
basavanapura,5.0,65.0,7.0,1800.0
basavangudi,4.0,292.0,3.0,2337.0
basavangudi,2.0,143.0,3.0,1500.0
basavangudi,3.0,168.0,3.0,1850.0
basavangudi,3.0,265.0,3.0,2150.0
basavangudi,2.0,105.0,2.0,1036.0
basavangudi,4.0,260.0,4.0,2600.0
basavangudi,2.0,160.0,3.0,1600.0
basavangudi,2.0,145.0,2.0,1560.0
basavangudi,3.0,175.0,3.0,1825.0
basavangudi,3.0,195.0,3.0,1800.0
basavangudi,2.0,93.0,2.0,1100.0
basavangudi,3.0,120.0,3.0,1542.14
basavangudi,2.0,103.0,2.0,1050.0
basavangudi,2.0,130.0,3.0,1350.0
basavangudi,3.0,140.0,3.0,1485.0
basavangudi,2.0,124.0,2.0,1180.0
basavangudi,3.0,130.0,3.0,1600.0
basavangudi,2.0,120.0,2.0,1200.0
basavangudi,3.0,150.0,3.0,1850.0
basavangudi,3.0,250.0,4.0,2453.0
basaveshwara nagar,5.0,415.0,5.0,4500.0
basaveshwara nagar,7.0,350.0,7.0,2460.0
basaveshwara nagar,6.0,110.0,6.0,800.0
basaveshwara nagar,4.0,310.0,5.0,2400.0
basaveshwara nagar,4.0,378.0,5.0,2520.0
basaveshwara nagar,3.0,180.0,5.0,1200.0
basaveshwara nagar,1.0,180.0,2.0,1200.0
basaveshwara nagar yelahanka,2.0,25.0,1.0,581.91
basaveshwara nagar yelahanka,3.0,85.0,3.0,1680.0
basaveshwara nagar yelahanka,4.0,95.0,3.0,1950.0
basaveshwara nagar yelahanka,2.0,43.0,2.0,1055.0
battarahalli,2.0,65.0,2.0,1200.0
battarahalli,3.0,89.61,3.0,1779.0
battarahalli,3.0,97.42,3.0,1945.0
battarahalli,3.0,94.36,3.0,1880.0
battarahalli,2.0,82.89,2.0,1636.0
battarahalli,3.0,90.0,3.0,1779.0
battarahalli,3.0,65.0,3.0,1516.0
battarahalli,3.0,104.0,3.0,2082.0
battarahalli,3.0,103.0,3.0,2024.0
battarahalli,2.0,49.0,2.0,1097.0
begur,2.0,59.0,3.0,1419.0
begur,3.0,75.0,3.0,1580.0
begur,3.0,63.0,3.0,1559.0
begur,2.0,74.0,3.0,1475.0
begur,2.0,55.0,2.0,1100.0
begur,2.0,65.0,2.0,1306.0
begur,3.0,65.0,3.0,1304.0
begur,2.0,60.0,3.0,1411.0
begur,2.0,40.0,2.0,815.0
begur,2.0,70.0,3.0,1443.0
begur road,2.0,44.0,2.0,1200.0
begur road,2.0,46.8,2.0,1200.0
begur road,2.0,44.0,2.0,1160.0
begur road,3.0,65.0,3.0,1584.0
begur road,2.0,54.0,3.0,1500.0
begur road,3.0,59.76,3.0,1615.0
begur road,2.0,43.2,2.0,1200.0
begur road,2.0,44.08,2.0,1160.0
begur road,2.0,45.0,2.0,1200.0
begur road,3.0,60.0,3.0,1615.0
begur road,2.0,53.0,3.0,1410.0
begur road,2.0,40.59,2.0,1160.0
begur road,2.0,46.62,2.0,1260.0
begur road,3.0,58.14,3.0,1600.0
begur road,2.0,42.0,2.0,1160.0
begur road,2.0,45.0,2.0,1200.0
begur road,2.0,55.0,3.0,1500.0
begur road,2.0,52.17,3.0,1410.0
begur road,3.0,58.0,3.0,1615.0
begur road,2.0,46.0,2.0,1170.0
begur road,2.0,42.92,2.0,1160.0
begur road,2.0,52.17,3.0,1410.0
begur road,2.0,50.06,3.0,1410.0
begur road,2.0,59.76,3.0,1565.0
begur road,2.0,42.0,2.0,1160.0
begur road,2.0,50.06,3.0,1400.0
begur road,2.0,53.58,3.0,1410.0
begur road,2.0,45.0,2.0,1200.0
begur road,2.0,42.6,2.0,1200.0
begur road,2.0,42.0,2.0,1160.0
begur road,2.0,42.69,2.0,1334.0
begur road,2.0,57.91,3.0,1565.0
begur road,2.0,45.6,2.0,1200.0
begur road,2.0,43.13,2.0,1215.0
begur road,2.0,44.4,2.0,1200.0
begur road,2.0,44.0,2.0,1160.0
begur road,2.0,49.34,3.0,1410.0
begur road,2.0,42.0,2.0,952.0
begur road,2.0,56.34,3.0,1565.0
begur road,2.0,56.0,3.0,1565.0
begur road,2.0,42.0,2.0,1200.0
begur road,2.0,45.88,2.0,1240.0
begur road,3.0,50.0,3.0,1200.0
begur road,2.0,44.0,2.0,1200.0
begur road,2.0,42.6,2.0,1100.0
begur road,2.0,57.91,3.0,1565.0
begur road,2.0,44.4,2.0,1200.0
begur road,2.0,43.75,2.0,1215.0
begur road,2.0,44.73,2.0,1200.0
begur road,2.0,42.0,2.0,1160.0
begur road,2.0,54.99,3.0,1410.0
bellandur,3.0,103.0,3.0,1767.0
bellandur,2.0,66.0,2.0,1205.0
bellandur,2.0,76.0,2.0,1250.0
bellandur,2.0,50.0,2.0,1000.0
bellandur,2.0,74.0,2.0,1281.0
bellandur,2.0,40.0,2.0,921.0
bellandur,4.0,109.0,4.0,2025.0
bellandur,2.0,98.0,3.0,1490.0
bellandur,3.0,68.0,3.0,1398.0
bellandur,3.0,85.0,3.0,1605.0
bellandur,3.0,88.0,3.0,1692.0
bellandur,2.0,60.0,2.0,1220.0
bellandur,2.0,82.0,2.0,1299.0
bellandur,2.0,56.0,2.0,900.0
bellandur,2.0,79.0,2.0,1350.0
bellandur,2.0,57.0,2.0,1286.0
bellandur,2.0,85.0,2.0,1457.0
bellandur,2.0,51.0,2.0,1195.0
bellandur,2.0,72.0,2.0,1310.0
bellandur,2.0,60.0,2.0,1051.0
bellandur,3.0,68.0,3.0,1450.0
bellandur,2.0,65.0,2.0,1060.0
bellandur,2.0,62.0,2.0,1100.0
bellandur,3.0,100.0,3.0,1685.0
bellandur,2.0,55.0,2.0,982.0
bellandur,4.0,206.0,4.0,3160.0
bellandur,2.0,59.0,2.0,1205.0
bellandur,2.0,58.0,2.0,1063.0
bellandur,2.0,59.99,2.0,1201.0
bellandur,2.0,65.0,2.0,1325.0
bellandur,2.0,52.0,2.0,1200.0
bellandur,2.0,48.0,2.0,1088.0
bellandur,2.0,85.0,2.0,1310.0
bellandur,3.0,90.0,2.0,1465.0
bellandur,3.0,109.0,3.0,1767.0
bellandur,2.0,69.44,2.0,1150.0
bellandur,3.0,90.0,3.0,1830.0
bellandur,3.0,92.0,2.0,1410.0
bellandur,2.0,60.0,2.0,1015.0
bellandur,4.0,112.0,3.0,2500.0
bellandur,3.0,101.0,3.0,1685.0
bellandur,3.0,105.0,3.0,1735.0
bellandur,2.0,51.0,2.0,1049.0
bellandur,2.0,63.0,3.0,1350.0
bellandur,2.0,63.0,2.0,1211.0
bellandur,3.0,110.0,3.0,1717.0
bellandur,3.0,62.0,3.0,1420.0
bellandur,2.0,62.0,2.0,1200.0
bellandur,3.0,89.0,3.0,1767.0
bellandur,3.0,89.0,3.0,1830.0
bellandur,3.0,115.0,3.0,2400.0
bellandur,3.0,85.0,3.0,1665.0
bellandur,2.0,48.0,2.0,960.0
bellandur,2.0,45.0,2.0,850.0
bellandur,2.0,90.0,2.0,1454.0
bellandur,3.0,91.86,3.0,1830.0
bellandur,2.0,52.0,2.0,1195.0
bellandur,3.0,89.89,3.0,1830.0
bellandur,3.0,90.0,3.0,1535.0
beml layout,2.0,55.0,2.0,1060.0
beml layout,3.0,85.0,3.0,2000.0
beml layout,2.0,45.0,2.0,999.0
beml layout,2.0,85.0,3.0,2000.0
beml layout,2.0,65.0,2.0,1194.0
beml layout,2.0,67.0,2.0,1200.0
beml layout,3.0,85.0,3.0,2000.0
beml layout,3.0,85.0,3.0,2000.0
beml layout,2.0,65.0,2.0,1194.0
benson town,4.0,350.0,3.0,3200.0
benson town,5.0,650.0,4.0,4460.0
benson town,4.0,470.0,3.0,2850.0
benson town,6.0,550.0,4.0,3633.0
benson town,2.0,270.0,2.0,1688.12
benson town,3.0,280.0,3.0,1805.0
benson town,2.0,280.0,2.0,1688.0
bharathi nagar,2.0,68.0,2.0,1322.0
bharathi nagar,2.0,70.0,2.0,1351.0
bharathi nagar,2.0,59.0,2.0,1384.0
bharathi nagar,2.0,68.0,2.0,1432.0
bharathi nagar,2.0,69.0,2.0,1328.0
bharathi nagar,2.0,55.86,2.0,1300.0
bhoganhalli,3.0,99.0,3.0,1670.0
bhoganhalli,4.0,111.0,4.0,2119.0
bhoganhalli,3.0,90.2,3.0,1718.0
bhoganhalli,2.0,75.97,2.0,1444.0
bhoganhalli,2.0,75.97,2.0,1447.0
bhoganhalli,2.0,75.97,2.0,1447.0
bhoganhalli,3.0,84.53,3.0,1610.0
bhoganhalli,4.0,106.0,4.0,1974.0
bhoganhalli,4.0,111.0,4.0,2171.0
bhoganhalli,4.0,111.0,4.0,2119.0
bhoganhalli,2.0,75.97,2.0,1447.0
bhoganhalli,2.0,75.97,2.0,1447.0
bhoganhalli,2.0,70.0,3.0,1395.0
bhoganhalli,4.0,111.0,4.0,2119.0
bhoganhalli,3.0,78.45,3.0,1458.0
bhoganhalli,2.0,75.97,2.0,1444.0
bhoganhalli,2.0,64.47,2.0,1205.0
bhoganhalli,2.0,75.97,2.0,1447.0
bhoganhalli,4.0,111.0,4.0,2119.0
bhoganhalli,2.0,68.32,2.0,1205.0
bhoganhalli,2.0,69.9,2.0,1260.0
bhoganhalli,3.0,84.53,3.0,1610.0
bhoganhalli,2.0,52.5,2.0,970.0
bhoganhalli,3.0,90.2,3.0,1718.0
bhoganhalli,2.0,79.89,2.0,1277.0
bhoganhalli,4.0,111.0,4.0,2119.0
bhuvaneshwari nagar,2.0,57.0,2.0,1100.0
bhuvaneshwari nagar,2.0,45.0,2.0,900.0
bhuvaneshwari nagar,2.0,68.48,2.0,1280.0
bileshivale,7.0,110.0,6.0,2400.0
billekahalli,3.0,110.0,3.0,1935.0
billekahalli,2.0,62.0,2.0,1125.0
billekahalli,3.0,88.0,3.0,1650.0
billekahalli,2.0,62.0,2.0,1112.0
billekahalli,3.0,150.0,3.0,2400.0
billekahalli,2.0,58.11,2.0,950.0
billekahalli,2.0,65.0,2.0,1125.0
billekahalli,2.0,56.0,2.0,950.0
binny pete,1.0,54.0,1.0,660.0
binny pete,1.0,62.0,1.0,660.0
binny pete,2.0,122.0,2.0,1365.0
binny pete,3.0,139.0,3.0,1795.0
binny pete,3.0,150.0,3.0,1740.0
binny pete,3.0,164.0,3.0,1970.0
bisuvanahalli,3.0,48.0,3.0,1180.0
bisuvanahalli,2.0,46.0,3.0,1075.0
bisuvanahalli,2.0,45.0,3.0,1075.0
bisuvanahalli,2.0,33.0,2.0,845.0
bisuvanahalli,2.0,45.0,3.0,1075.0
bisuvanahalli,2.0,37.0,2.0,845.0
bisuvanahalli,2.0,47.0,3.0,1075.0
bisuvanahalli,1.0,32.0,2.0,850.0
bisuvanahalli,2.0,46.0,3.0,1180.0
bisuvanahalli,2.0,42.0,3.0,1075.0
bisuvanahalli,2.0,37.0,2.0,845.0
bisuvanahalli,2.0,43.0,3.0,1075.0
bisuvanahalli,2.0,41.0,3.0,1075.0
bisuvanahalli,2.0,33.0,2.0,845.0
bisuvanahalli,2.0,45.0,3.0,1180.0
bisuvanahalli,2.0,43.0,3.0,1075.0
bisuvanahalli,2.0,45.0,3.0,1080.0
bisuvanahalli,2.0,47.0,3.0,1075.0
bisuvanahalli,2.0,45.0,3.0,1075.0
bisuvanahalli,2.0,44.0,3.0,1075.0
bisuvanahalli,2.0,42.0,3.0,1075.0
bisuvanahalli,2.0,32.0,2.0,845.0
bisuvanahalli,2.0,41.49,3.0,1075.0
bisuvanahalli,2.0,34.0,2.0,845.0
bommanahalli,8.0,140.0,8.0,3000.0
bommanahalli,1.0,19.5,1.0,520.0
bommanahalli,1.0,25.0,1.0,515.0
bommanahalli,3.0,44.0,2.0,1090.0
bommanahalli,3.0,59.0,3.0,1375.0
bommanahalli,3.0,55.0,3.0,1250.0
bommanahalli,3.0,90.0,3.0,1850.0
bommanahalli,2.0,45.0,2.0,910.0
bommanahalli,2.0,46.0,2.0,1050.0
bommanahalli,1.0,55.0,2.0,1100.0
bommanahalli,2.0,72.0,2.0,1350.0
bommanahalli,4.0,85.0,4.0,2100.0
bommanahalli,2.0,55.0,2.0,1020.0
bommanahalli,2.0,50.0,2.0,1307.0
bommanahalli,2.0,73.17,2.0,1355.0
bommanahalli,2.0,53.0,2.0,1160.0
bommanahalli,2.0,54.0,2.0,1050.0
bommasandra,3.0,49.36,3.0,1260.0
bommasandra,3.0,46.0,3.0,1200.0
bommasandra,2.0,41.0,2.0,1035.0
bommasandra,2.0,41.73,2.0,1035.0
bommasandra,2.0,40.0,2.0,1034.0
bommasandra,2.0,30.0,2.0,877.0
bommasandra,2.0,37.46,2.0,920.0
bommasandra,2.0,41.43,2.0,1035.0
bommasandra,2.0,50.28,3.0,1295.0
bommasandra,2.0,40.0,2.0,1015.0
bommasandra,2.0,35.0,2.0,1000.0
bommasandra,2.0,35.28,2.0,955.0
bommasandra,2.0,39.77,2.0,1005.0
bommasandra,2.0,35.0,2.0,1014.0
bommasandra,2.0,40.89,2.0,1020.0
bommasandra,2.0,37.2,2.0,920.0
bommasandra,1.0,32.0,2.0,800.0
bommasandra,3.0,50.0,3.0,1280.0
bommasandra,2.0,45.0,2.0,1127.0
bommasandra,2.0,45.0,3.0,1400.0
bommasandra,2.0,29.0,2.0,877.0
bommasandra,3.0,52.81,3.0,1365.0
bommasandra,2.0,30.0,2.0,842.0
bommasandra,3.0,49.36,3.0,1260.0
bommasandra,3.0,52.82,3.0,1365.0
bommasandra,2.0,37.97,2.0,955.0
bommasandra,2.0,40.0,2.0,1089.0
bommasandra,3.0,53.96,3.0,1365.0
bommasandra industrial area,2.0,31.48,2.0,1090.0
bommasandra industrial area,2.0,38.12,3.0,1320.0
bommasandra industrial area,2.0,40.44,3.0,1400.0
bommasandra industrial area,2.0,38.13,3.0,1320.0
bommasandra industrial area,2.0,35.23,3.0,1220.0
bommasandra industrial area,2.0,29.45,2.0,1020.0
bommasandra industrial area,2.0,33.64,2.0,1165.0
bommasandra industrial area,2.0,31.48,2.0,1090.0
bommasandra industrial area,2.0,37.83,3.0,1310.0
bommasandra industrial area,2.0,28.88,2.0,1000.0
bommasandra industrial area,2.0,29.45,2.0,1020.0
bommasandra industrial area,2.0,33.51,2.0,1160.0
bommasandra industrial area,2.0,32.49,2.0,1125.0
bommasandra industrial area,2.0,35.2,3.0,1220.0
bommasandra industrial area,2.0,32.49,2.0,1125.0
bommasandra industrial area,2.0,32.64,2.0,1130.0
bommasandra industrial area,2.0,30.75,2.0,1065.0
bommenahalli,3.0,125.0,3.0,1200.0
bommenahalli,3.0,145.0,4.0,1632.0
bommenahalli,3.0,135.0,4.0,1670.0
bommenahalli,3.0,77.0,3.0,832.0
bommenahalli,3.0,135.0,4.0,1680.0
bommenahalli,3.0,128.0,4.0,1632.0
bommenahalli,3.0,250.0,3.0,3339.0
bommenahalli,3.0,135.0,4.0,1355.0
bommenahalli,3.0,96.0,3.0,1232.0
bommenahalli,3.0,140.0,4.0,1632.0
brookefield,2.0,69.0,2.0,1150.0
brookefield,2.0,70.0,2.0,1142.0
brookefield,2.0,68.0,3.0,1440.0
brookefield,4.0,115.0,3.0,2169.0
brookefield,3.0,88.0,3.0,1595.0
brookefield,3.0,105.0,3.0,1476.0
brookefield,2.0,75.0,2.0,1262.0
brookefield,2.0,80.0,2.0,1139.0
brookefield,2.0,70.0,2.0,1125.0
brookefield,3.0,85.0,3.0,1420.0
brookefield,3.0,170.0,4.0,3532.0
brookefield,2.0,48.0,2.0,941.0
brookefield,2.0,75.0,3.0,1595.0
brookefield,2.0,80.0,3.0,1410.0
brookefield,2.0,55.0,2.0,1100.0
brookefield,3.0,140.0,4.0,2400.0
brookefield,2.0,66.5,2.0,1225.0
brookefield,2.0,75.0,2.0,1200.0
brookefield,2.0,56.0,2.0,1130.0
brookefield,3.0,115.0,3.0,1706.0
brookefield,2.0,94.0,2.0,1389.0
brookefield,2.0,72.0,2.0,1225.0
brookefield,4.0,176.0,4.0,3675.0
brookefield,3.0,115.0,3.0,1746.0
brookefield,3.0,80.0,3.0,1518.0
brookefield,3.0,74.0,3.0,1589.0
brookefield,2.0,84.5,2.0,1382.0
brookefield,2.0,70.0,2.0,1260.0
btm 1st stage,2.0,90.0,4.0,600.0
btm 1st stage,6.0,80.0,6.0,600.0
btm 1st stage,3.0,200.0,3.0,1717.0
btm 2nd stage,2.0,52.0,2.0,950.0
btm 2nd stage,3.0,170.0,3.0,1850.0
btm 2nd stage,2.0,80.0,2.0,1200.0
btm 2nd stage,2.0,70.0,2.0,1274.0
btm 2nd stage,2.0,48.0,2.0,1070.0
btm 2nd stage,2.0,80.0,2.0,1280.0
btm 2nd stage,2.0,70.0,2.0,1100.0
btm 2nd stage,2.0,58.0,2.0,1000.0
btm 2nd stage,2.0,55.0,2.0,1265.0
btm 2nd stage,3.0,220.0,3.0,2200.0
btm 2nd stage,2.0,56.0,2.0,965.0
btm 2nd stage,2.0,75.0,2.0,1147.0
btm 2nd stage,3.0,172.0,3.0,1750.0
btm 2nd stage,2.0,90.0,2.0,1400.0
btm 2nd stage,2.0,70.0,2.0,1200.0
btm 2nd stage,2.0,47.0,2.0,1100.0
btm 2nd stage,2.0,46.0,2.0,930.0
btm 2nd stage,2.0,55.0,3.0,1265.0
btm layout,2.0,63.0,2.0,1150.0
btm layout,6.0,165.0,6.0,3300.0
btm layout,2.0,81.0,3.0,1450.0
btm layout,3.0,79.0,3.0,1458.0
btm layout,2.0,51.5,2.0,935.0
btm layout,2.0,46.5,2.0,1020.0
btm layout,2.0,75.0,3.0,1300.0
btm layout,2.0,78.0,3.0,1540.0
btm layout,1.0,20.0,1.0,450.0
btm layout,2.0,56.81,2.0,1196.0
btm layout,2.0,99.0,3.0,1470.0
budigere,2.0,56.4,2.0,1153.0
budigere,2.0,59.9,2.0,1162.0
budigere,4.0,103.0,3.0,1991.0
budigere,2.0,57.0,2.0,1153.0
budigere,2.0,57.0,2.0,1162.0
budigere,2.0,56.8,2.0,1139.0
budigere,2.0,56.85,2.0,1139.0
budigere,4.0,100.0,3.0,1991.0
budigere,1.0,35.0,1.0,664.0
budigere,3.0,93.0,3.0,1820.0
budigere,3.0,85.0,3.0,1636.0
budigere,2.0,70.0,2.0,1444.0
budigere,2.0,60.0,2.0,1139.0
budigere,3.0,93.0,3.0,1820.0
budigere,2.0,58.0,2.0,1162.0
budigere,3.0,85.0,3.0,1636.0
budigere,2.0,54.3,2.0,1087.0
budigere,3.0,89.0,3.0,1820.0
budigere,2.0,56.7,2.0,1153.0
budigere,2.0,56.5,2.0,1139.0
budigere,3.0,83.0,3.0,1636.0
budigere,1.0,34.0,1.0,664.0
budigere,2.0,58.0,2.0,1162.0
budigere,2.0,60.0,2.0,1153.0
budigere,2.0,56.725,2.0,1172.0
budigere,3.0,76.16,3.0,1590.0
budigere,3.0,95.0,3.0,1820.0
budigere,4.0,100.0,3.0,1991.0
budigere,3.0,95.5,3.0,1820.0
budigere,2.0,56.0,2.0,1153.0
budigere,1.0,34.545,1.0,705.0
budigere,2.0,56.5,2.0,1153.0
budigere,2.0,58.0,2.0,1153.0
budigere,2.0,56.55,2.0,1153.0
budigere,2.0,56.5,2.0,1153.0
budigere,2.0,60.0,2.0,1153.0
byadarahalli,3.0,425.0,4.0,3500.0
byatarayanapura,2.0,90.0,3.0,1325.0
byatarayanapura,1.0,36.0,1.0,540.0
byrasandra,2.0,60.0,2.0,1140.0
byrasandra,2.0,55.0,2.0,1100.0
byrasandra,2.0,65.0,2.0,1250.0
byrathi village,3.0,55.0,4.0,906.0
byrathi village,4.0,120.0,3.0,1600.0
cambridge layout,3.0,260.0,3.0,2400.0
cambridge layout,3.0,165.0,4.0,1600.0
cambridge layout,3.0,230.0,3.0,1950.0
cambridge layout,3.0,210.0,3.0,2098.0
canara bank colony,2.0,45.0,2.0,1000.0
chamrajpet,2.0,120.0,3.0,1475.0
chamrajpet,2.0,170.0,4.0,1900.0
chamrajpet,2.0,180.0,2.0,1350.0
chamrajpet,4.0,211.0,4.0,1660.4
chamrajpet,3.0,98.91,3.0,1565.0
chamrajpet,1.0,52.0,2.0,730.0
chamrajpet,1.0,40.0,2.0,650.0
chamrajpet,2.0,45.0,2.0,650.0
chamrajpet,3.0,115.0,3.0,1650.0
chandapura,1.0,17.0,2.0,650.0
chandapura,1.0,16.45,1.0,645.0
chandapura,1.0,16.45,1.0,645.0
chandapura,1.0,20.0,2.0,800.0
chandapura,2.0,25.88,2.0,1015.0
chandapura,2.0,30.35,3.0,1190.0
chandapura,2.0,32.0,2.0,1200.0
chandapura,2.0,27.68,2.0,1025.0
chandapura,1.0,15.135,1.0,582.5
chandapura,2.0,25.88,2.0,1015.0
chandapura,3.0,33.28,3.0,1305.0
chandapura,2.0,33.0,3.0,1065.0
chandapura,2.0,25.4,2.0,850.0
chandapura,1.0,16.45,1.0,645.0
chandapura,2.0,30.22,3.0,1185.0
chandapura,2.0,25.88,2.0,1015.0
chandapura,1.0,14.04,1.0,520.0
chandapura,1.0,36.0,2.0,1200.0
chandapura,2.0,24.86,2.0,975.0
chandapura,1.0,16.45,1.0,645.0
chandapura,2.0,25.12,2.0,985.0
chandapura,1.0,16.45,1.0,645.0
chandapura,2.0,24.86,2.0,975.0
chandapura,1.0,19.0,2.0,700.0
chandapura,2.0,30.35,3.0,1190.0
chandapura,2.0,32.0,3.0,1095.0
chandapura,1.0,16.45,1.0,645.0
chandapura,2.0,42.0,3.0,1505.0
chandapura,1.0,16.45,1.0,645.0
chandapura,2.0,30.0,2.0,937.0
chandapura,2.0,27.68,2.0,1025.0
chandapura,2.0,24.86,2.0,975.0
chandapura,2.0,25.0,2.0,800.0
chandapura,1.0,16.45,1.0,645.0
chandapura,2.0,31.37,3.0,1230.0
chandapura,2.0,25.65,2.0,950.0
chandapura,2.0,36.0,2.0,1200.0
chandapura,1.0,16.45,1.0,645.0
chandapura,2.0,29.97,3.0,1110.0
chandapura,1.0,19.9,2.0,674.0
chandapura,3.0,33.08,3.0,1225.0
chandapura,3.0,33.28,3.0,1305.0
chandapura,2.0,31.37,3.0,1230.0
chandapura,2.0,29.97,3.0,1110.0
chandapura,2.0,25.12,2.0,985.0
chandapura,1.0,18.5,2.0,750.0
chandapura,2.0,27.68,2.0,1025.0
chandapura,2.0,30.35,3.0,1190.0
chandapura,2.0,25.88,2.0,1015.0
chandapura,2.0,39.5,3.0,1345.0
chandapura,2.0,30.47,3.0,1033.0
chandapura,2.0,25.88,2.0,1015.0
chandapura,2.0,30.22,3.0,1185.0
chandapura,2.0,24.86,2.0,975.0
chandapura,1.0,14.04,1.0,520.0
chandapura,2.0,31.37,3.0,1230.0
chandapura,3.0,33.28,3.0,1305.0
chandapura,2.0,42.0,3.0,1323.0
chandapura,1.0,10.0,1.0,410.0
chandapura,2.0,25.12,2.0,985.0
chandapura,1.0,16.45,1.0,645.0
chandapura,1.0,16.45,1.0,645.0
chandapura,2.0,36.0,2.0,1200.0
chandapura,1.0,22.0,2.0,740.0
chandapura,2.0,28.0,3.0,1095.0
chandapura,1.0,14.04,1.0,520.0
chandra layout,2.0,85.0,4.0,600.0
chandra layout,2.0,190.0,3.0,1200.0
channasandra,2.0,48.33,3.0,1340.0
channasandra,2.0,38.34,2.0,1009.0
channasandra,2.0,35.0,2.0,1065.0
channasandra,2.0,34.5,2.0,1030.0
channasandra,6.0,180.0,6.0,4200.0
channasandra,2.0,40.0,2.0,1115.0
channasandra,2.0,35.5,2.0,1104.0
channasandra,2.0,55.0,2.0,1160.0
channasandra,2.0,41.0,2.0,1050.0
channasandra,2.0,40.47,2.0,1065.0
channasandra,2.0,45.0,3.0,1310.0
channasandra,2.0,38.0,2.0,1070.0
channasandra,2.0,35.0,2.0,1050.0
channasandra,2.0,34.0,2.0,1093.0
channasandra,2.0,36.0,2.0,1010.0
channasandra,2.0,36.0,2.0,1123.0
channasandra,2.0,35.0,2.0,1000.0
channasandra,2.0,51.83,3.0,1330.0
channasandra,2.0,37.0,2.0,1093.0
channasandra,2.0,35.8,2.0,1115.0
channasandra,3.0,61.95,3.0,1500.0
channasandra,3.0,60.0,3.0,1800.0
channasandra,2.0,36.28,2.0,830.0
channasandra,2.0,56.0,3.0,1195.0
channasandra,2.0,38.0,2.0,1175.0
channasandra,2.0,46.13,2.0,1200.0
channasandra,2.0,36.0,2.0,1065.0
channasandra,2.0,44.41,2.0,1050.0
channasandra,2.0,32.0,2.0,1010.0
channasandra layout,2.0,40.0,2.0,1210.0
channasandra layout,3.0,55.0,3.0,1535.0
channasandra layout,2.0,50.0,2.0,1115.0
channasandra layout,2.0,52.0,3.0,1563.0
chelekare,2.0,45.0,2.0,1000.0
chennammana kere,2.0,56.87,2.0,1115.0
chennammana kere,2.0,74.72,3.0,1465.0
chennammana kere,2.0,58.4,2.0,1145.0
chennammana kere,2.0,55.85,2.0,1095.0
chennammana kere,2.0,52.79,2.0,1035.0
chennammana kere,2.0,86.96,3.0,1705.0
chikka tirupathi,5.0,120.0,4.0,2600.0
chikka tirupathi,4.0,80.27,3.0,1808.0
chikka tirupathi,3.0,135.0,3.0,3297.0
chikka tirupathi,5.0,150.0,4.0,3500.0
chikka tirupathi,3.0,95.0,3.0,2325.0
chikka tirupathi,4.0,136.0,4.0,3250.0
chikka tirupathi,5.0,125.0,4.0,2665.0
chikkabanavar,2.0,40.0,2.0,950.0
chikkabanavar,1.0,25.0,2.0,600.0
chikkabanavar,4.0,97.0,5.0,2400.0
chikkabanavar,4.0,65.0,5.0,2000.0
chikkabanavar,2.0,38.0,2.0,1067.0
chikkabanavar,2.0,46.0,3.0,1320.0
chikkalasandra,2.0,56.12,3.0,1290.0
chikkalasandra,2.0,50.0,2.0,1100.0
chikkalasandra,2.0,49.0,2.0,1208.0
chikkalasandra,2.0,50.0,2.0,1070.0
chikkalasandra,2.0,48.0,2.0,1230.0
chikkalasandra,2.0,42.8,2.0,1070.0
chikkalasandra,2.0,52.4,3.0,1310.0
chikkalasandra,2.0,55.25,3.0,1270.0
chikkalasandra,2.0,46.76,2.0,1075.0
chikkalasandra,2.0,53.51,3.0,1230.0
chikkalasandra,2.0,56.12,3.0,1290.0
chikkalasandra,2.0,45.48,2.0,1070.0
chikkalasandra,2.0,50.0,2.0,1100.0
chikkalasandra,2.0,60.47,3.0,1390.0
chikkalasandra,2.0,53.12,3.0,1265.0
chikkalasandra,2.0,47.42,2.0,1090.0
chikkalasandra,3.0,54.2,3.0,1355.0
chikkalasandra,2.0,54.2,3.0,1350.0
chikkalasandra,2.0,59.0,2.0,1325.0
chikkalasandra,2.0,55.46,3.0,1275.0
chikkalasandra,1.0,54.0,3.0,1425.0
cholanayakanahalli,3.0,205.0,3.0,2511.0
cholanayakanahalli,2.0,75.0,3.0,1370.0
cholanayakanahalli,2.0,50.0,1.0,750.0
cholanayakanahalli,4.0,135.0,4.0,2000.0
cholanayakanahalli,2.0,95.0,2.0,1300.0
choodasandra,2.0,50.0,2.0,1115.0
choodasandra,2.0,57.0,2.0,1300.0
choodasandra,3.0,77.0,3.0,1530.0
choodasandra,3.0,56.0,3.0,1220.0
choodasandra,3.0,56.0,3.0,1220.0
choodasandra,2.0,63.0,2.0,1197.0
choodasandra,3.0,75.0,3.0,1465.0
choodasandra,2.0,50.0,2.0,1115.0
choodasandra,2.0,59.0,2.0,1215.0
choodasandra,2.0,65.0,3.0,1254.0
choodasandra,2.0,36.0,2.0,725.0
choodasandra,3.0,56.0,3.0,1220.0
choodasandra,2.0,45.0,2.0,1075.0
choodasandra,2.0,62.0,2.0,1140.0
choodasandra,3.0,56.0,3.0,1220.0
choodasandra,3.0,78.0,3.0,1560.0
choodasandra,2.0,46.0,2.0,1065.0
choodasandra,2.0,50.0,2.0,1115.0
choodasandra,3.0,56.0,3.0,1220.0
choodasandra,2.0,50.0,2.0,1115.0
cooke town,4.0,450.0,4.0,3950.0
cooke town,4.0,239.0,3.0,2388.0
cooke town,2.0,200.0,2.0,1710.0
cooke town,5.0,415.0,4.0,3900.0
cooke town,4.0,310.0,3.0,2560.0
cooke town,3.0,250.0,3.0,2300.0
cox town,3.0,150.0,3.0,1975.0
cox town,3.0,140.0,3.0,1730.0
cox town,3.0,150.0,3.0,1600.0
cox town,2.0,95.0,2.0,1250.0
cox town,2.0,120.0,2.0,1280.0
cox town,2.0,72.0,2.0,1073.0
cunningham road,3.0,864.0,3.0,3875.0
cunningham road,3.0,800.0,3.0,3875.0
cunningham road,3.0,763.0,3.0,3815.0
cunningham road,3.0,662.0,3.0,3489.0
cunningham road,3.0,800.0,3.0,4170.0
cunningham road,5.0,995.0,4.0,5108.0
cunningham road,3.0,501.0,3.0,2700.0
cunningham road,3.0,560.0,3.0,2880.0
cv raman nagar,3.0,65.0,3.0,1550.0
cv raman nagar,2.0,55.0,2.0,1120.0
cv raman nagar,2.0,55.0,2.0,1070.0
cv raman nagar,2.0,37.0,2.0,740.0
cv raman nagar,2.0,49.0,2.0,1028.0
cv raman nagar,2.0,47.5,2.0,1070.0
cv raman nagar,3.0,126.0,3.0,1825.0
cv raman nagar,2.0,50.0,2.0,1025.0
cv raman nagar,2.0,67.0,3.0,1525.0
cv raman nagar,2.0,60.0,2.0,1198.0
cv raman nagar,2.0,85.0,2.0,1560.0
cv raman nagar,2.0,85.0,3.0,1590.0
cv raman nagar,2.0,58.0,2.0,1100.0
cv raman nagar,2.0,61.0,2.0,1051.0
cv raman nagar,2.0,60.0,3.0,1435.0
cv raman nagar,2.0,55.0,2.0,1020.0
cv raman nagar,2.0,65.0,2.0,1285.0
cv raman nagar,2.0,50.0,2.0,1040.0
cv raman nagar,2.0,95.0,2.0,1392.0
cv raman nagar,2.0,46.0,2.0,1125.0
cv raman nagar,2.0,78.0,3.0,1400.0
cv raman nagar,2.0,78.0,3.0,1400.0
cv raman nagar,2.0,38.0,2.0,907.0
cv raman nagar,3.0,65.0,3.0,1480.0
cv raman nagar,2.0,62.0,2.0,1310.0
dairy circle,3.0,225.0,3.0,1855.0
dairy circle,6.0,450.0,4.0,3730.0
dairy circle,6.0,430.0,4.0,3754.0
dairy circle,2.0,181.0,2.0,1541.0
dairy circle,6.0,430.0,4.0,3730.0
dasanapura,2.0,37.0,2.0,708.0
dasanapura,3.0,61.44,3.0,1286.0
dasanapura,2.0,42.0,2.0,814.0
dasanapura,2.0,68.0,3.0,1286.0
dasanapura,2.0,43.7,2.0,814.0
dasarahalli,2.0,65.0,2.0,1295.0
dasarahalli,2.0,75.0,3.0,1520.0
dasarahalli,3.0,120.0,3.0,2100.0
dasarahalli,2.0,62.0,2.0,1220.0
defence colony,4.0,365.0,4.0,2800.0
defence colony,2.0,172.0,2.0,1270.0
devanahalli,2.0,66.78,2.0,1260.0
devanahalli,2.0,65.0,2.0,1360.0
devanahalli,2.0,51.0,2.0,1010.0
devanahalli,2.0,53.35,2.0,1080.0
devanahalli,2.0,59.0,2.0,1174.0
devanahalli,1.0,34.0,1.0,658.0
devanahalli,2.0,52.0,2.0,1080.0
devanahalli,3.0,88.2,3.0,1700.0
devanahalli,3.0,79.15,3.0,1498.0
devanahalli,3.0,77.59,3.0,1466.0
devanahalli,1.0,39.0,1.0,775.0
devanahalli,2.0,49.87,1.0,1020.0
devanahalli,2.0,48.0,2.0,1045.0
devanahalli,2.0,55.08,3.0,1200.0
devanahalli,2.0,65.0,2.0,1340.0
devanahalli,3.0,107.0,3.0,2125.0
devanahalli,2.0,56.45,2.0,1230.0
devanahalli,2.0,62.425,2.0,1360.0
devanahalli,2.0,62.0,3.0,1290.0
devanahalli,2.0,69.76,3.0,1520.0
devarabeesana halli,3.0,149.0,3.0,1750.0
devarabeesana halli,3.0,150.0,3.0,1750.0
devarachikkanahalli,2.0,44.0,3.0,1250.0
devarachikkanahalli,1.0,24.0,1.0,615.0
devarachikkanahalli,2.0,58.0,2.0,1230.0
devarachikkanahalli,2.0,65.0,3.0,1425.0
devarachikkanahalli,2.0,43.0,2.0,947.0
devarachikkanahalli,2.0,76.0,3.0,1417.0
devarachikkanahalli,2.0,58.0,2.0,1230.0
devarachikkanahalli,3.0,75.0,3.0,1705.0
devarachikkanahalli,2.0,47.0,2.0,1116.0
devarachikkanahalli,2.0,40.0,2.0,991.0
devarachikkanahalli,3.0,71.0,3.0,1700.0
devasthanagalu,2.0,45.0,2.0,1090.0
devasthanagalu,2.0,45.0,2.0,946.0
doctors layout,2.0,62.0,2.0,1520.0
doctors layout,2.0,44.0,2.0,1125.0
doctors layout,2.0,47.0,2.0,1225.0
doctors layout,2.0,46.8,3.0,1215.0
dodda banaswadi,3.0,56.0,3.0,1500.0
dodda banaswadi,2.0,60.0,3.0,1300.0
dodda nekkundi,2.0,55.0,2.0,1260.0
dodda nekkundi,2.0,60.0,2.0,1390.0
dodda nekkundi,2.0,50.0,2.0,1080.0
dodda nekkundi,2.0,48.0,2.0,1100.0
dodda nekkundi,2.0,41.15,2.0,1100.0
dodda nekkundi,2.0,71.0,3.0,1252.0
dodda nekkundi,2.0,46.0,2.0,1155.0
dodda nekkundi,2.0,45.0,2.0,1128.0
dodda nekkundi,2.0,56.0,2.0,1148.0
dodda nekkundi,3.0,57.2,3.0,1435.0
dodda nekkundi,2.0,46.5,2.0,1145.0
dodda nekkundi,2.0,41.16,2.0,1100.0
dodda nekkundi,2.0,46.75,2.0,1100.0
dodda nekkundi,2.0,50.0,2.0,1315.0
dodda nekkundi,2.0,58.0,2.0,1135.0
dodda nekkundi,2.0,41.18,2.0,1100.0
dodda nekkundi,2.0,60.0,2.0,1370.0
dodda nekkundi,2.0,79.0,3.0,1585.0
dodda nekkundi,2.0,45.0,2.0,1005.0
dodda nekkundi,2.0,52.0,2.0,1264.0
dodda nekkundi extension,2.0,73.0,2.0,1188.0
dodda nekkundi extension,2.0,69.0,2.0,1148.0
dodda nekkundi extension,3.0,115.0,3.0,1864.0
dodda nekkundi extension,2.0,87.0,3.0,1458.0
doddaballapur,4.0,325.0,4.0,4200.0
doddaballapur,3.0,300.0,3.0,3876.0
doddaballapur,4.0,195.0,3.0,2776.0
doddaballapur,3.0,142.0,3.0,2440.0
doddaballapur,1.0,49.0,1.0,654.0
doddabommasandra,2.0,70.0,3.0,1550.0
doddabommasandra,5.0,145.0,8.0,3150.0
doddakallasandra,2.0,40.39,2.0,1010.0
doddakallasandra,2.0,54.39,3.0,1360.0
doddakallasandra,2.0,58.39,3.0,1460.0
doddakallasandra,2.0,54.4,3.0,1360.0
doddakallasandra,2.0,56.99,3.0,1425.0
doddakallasandra,2.0,40.39,2.0,1010.0
doddakallasandra,2.0,42.87,2.0,1072.0
doddakallasandra,2.0,40.4,2.0,1010.0
doddakallasandra,2.0,42.87,2.0,1072.0
doddakammanahalli,2.0,62.0,3.0,1409.0
doddakammanahalli,2.0,48.5,3.0,1119.0
doddanakundi industrial area 2,1.0,65.01,2.0,1512.0
doddanakundi industrial area 2,2.0,49.0,2.0,1092.0
doddanekundi,4.0,154.0,3.0,2045.0
doddanekundi,2.0,59.0,2.0,1148.0
doddanekundi,2.0,48.4,2.0,1128.0
doddathoguru,2.0,33.0,2.0,970.0
doddathoguru,2.0,42.0,2.0,1030.0
doddathoguru,3.0,65.0,3.0,1549.0
doddathoguru,2.0,33.5,2.0,1015.0
doddathoguru,2.0,39.0,2.0,1104.0
doddathoguru,2.0,32.0,2.0,915.0
doddathoguru,1.0,25.5,1.0,750.0
doddathoguru,3.0,62.0,3.0,1595.0
doddathoguru,2.0,32.0,2.0,855.0
doddathoguru,2.0,30.0,2.0,925.0
doddathoguru,2.0,42.0,3.0,1300.0
doddathoguru,3.0,45.0,3.0,1208.0
doddathoguru,2.0,32.9,2.0,940.0
doddathoguru,2.0,44.0,2.0,1107.0
dodsworth layout,3.0,99.0,3.0,1717.0
dodsworth layout,3.0,99.0,3.0,1594.0
dodsworth layout,3.0,115.0,3.0,1893.0
dodsworth layout,2.0,85.0,2.0,1400.0
dodsworth layout,4.0,1824.0,6.0,30400.0
dollars colony,4.0,350.0,4.0,3500.0
dollars colony,5.0,385.0,4.0,3100.0
dollars colony,3.0,200.0,3.0,2000.0
domlur,2.0,150.0,3.0,1875.0
domlur,1.0,55.0,1.0,640.0
domlur,2.0,85.0,2.0,1050.0
domlur,3.0,150.0,3.0,1800.0
domlur,3.0,135.0,3.0,1720.0
domlur,3.0,165.0,3.0,1950.0
domlur,1.0,70.0,1.0,780.0
domlur,3.0,120.0,3.0,1740.0
domlur,3.0,125.0,3.0,1695.0
domlur,2.0,95.0,2.0,1246.0
domlur,3.0,145.0,3.0,2100.0
domlur,3.0,180.0,3.0,1850.0
domlur,3.0,235.0,3.0,2955.0
dommasandra,2.0,22.14,2.0,805.0
dommasandra,2.0,31.5,3.0,1033.0
dommasandra,2.0,43.5,2.0,1153.0
dommasandra,2.0,40.0,2.0,1500.0
dommasandra,2.0,25.4,2.0,850.0
dommasandra,1.0,19.9,2.0,674.0
dommasandra,2.0,32.9,2.0,999.0
ejipura,3.0,110.0,3.0,1650.0
ejipura,2.0,70.0,2.0,1190.0
ejipura,3.0,135.0,3.0,2070.0
ejipura,3.0,95.0,3.0,1600.0
ejipura,2.0,75.0,2.0,1210.0
electronic city,1.0,23.1,2.0,660.0
electronic city,2.0,47.0,3.0,1025.0
electronic city,2.0,64.5,3.0,1500.0
electronic city,2.0,56.0,3.0,1350.0
electronic city,1.0,36.0,2.0,770.0
electronic city,2.0,52.0,2.0,1070.0
electronic city,2.0,46.0,2.0,1025.0
electronic city,1.0,27.0,1.0,589.0
electronic city,2.0,42.0,2.0,1100.0
electronic city,2.0,40.0,2.0,910.0
electronic city,3.0,95.0,3.0,1800.0
electronic city,1.0,34.65,1.0,630.0
electronic city,2.0,42.0,2.0,1094.0
electronic city,2.0,55.0,2.0,1070.0
electronic city,2.0,41.0,2.0,940.0
electronic city,2.0,73.3,2.0,1342.0
electronic city,2.0,71.0,3.0,1360.0
electronic city,2.0,29.0,2.0,880.0
electronic city,2.0,56.93,2.0,1265.0
electronic city,3.0,62.0,3.0,1620.0
electronic city,2.0,56.1,2.0,1070.0
electronic city,2.0,45.0,2.0,890.0
electronic city,2.0,42.0,2.0,865.0
electronic city,2.0,42.0,2.0,910.0
electronic city,2.0,37.5,2.0,975.0
electronic city,2.0,75.0,3.0,1360.0
electronic city,1.0,40.0,2.0,770.0
electronic city,2.0,54.0,2.0,1070.0
electronic city,3.0,50.0,3.0,1111.0
electronic city,2.0,39.5,2.0,870.0
electronic city,2.0,34.0,2.0,921.0
electronic city,2.0,72.0,3.0,1374.0
electronic city,2.0,45.0,2.0,1100.0
electronic city,1.0,34.0,2.0,755.0
electronic city,5.0,150.0,4.0,4000.0
electronic city,2.0,40.0,2.0,1100.0
electronic city,3.0,70.0,3.0,1652.0
electronic city,2.0,54.5,2.0,1025.0
electronic city,2.0,46.0,2.0,1070.0
electronic city,3.0,58.0,3.0,1350.0
electronic city,3.0,75.0,3.0,1700.0
electronic city,2.0,48.0,3.0,1400.0
electronic city,1.0,35.0,1.0,700.0
electronic city,2.0,70.5,3.0,1360.0
electronic city,2.0,38.0,2.0,1150.0
electronic city,2.0,45.0,2.0,1089.0
electronic city,2.0,40.0,2.0,1110.0
electronic city,2.0,55.0,3.0,1440.0
electronic city,2.0,44.0,3.0,1156.0
electronic city,2.0,59.0,2.0,1200.0
electronic city,3.0,45.03,3.0,1225.0
electronic city,2.0,55.0,2.0,1070.0
electronic city,2.0,58.0,2.0,1060.0
electronic city,2.0,54.1,2.0,1025.0
electronic city,2.0,35.0,3.0,1105.0
electronic city,2.0,41.0,2.0,1000.0
electronic city,2.0,78.0,3.0,1500.0
electronic city,2.0,59.32,2.0,1213.0
electronic city,1.0,19.5,1.0,435.0
electronic city,2.0,58.0,2.0,1125.0
electronic city,2.0,35.03,2.0,1090.0
electronic city,2.0,40.0,2.0,919.0
electronic city,2.0,78.25,3.0,1500.0
electronic city,2.0,42.0,2.0,1156.0
electronic city,2.0,51.0,2.0,1060.0
electronic city,2.0,49.0,2.0,1025.0
electronic city,2.0,58.0,2.0,1070.0
electronic city,2.0,54.0,2.0,1210.0
electronic city,2.0,75.0,3.0,1500.0
electronic city,2.0,52.0,2.0,1070.0
electronic city,4.0,119.0,4.0,2435.0
electronic city,2.0,34.0,2.0,919.0
electronic city,2.0,78.0,3.0,1500.0
electronic city,2.0,47.0,2.0,1070.0
electronic city,2.0,65.0,2.0,1296.0
electronic city,2.0,40.55,2.0,1096.0
electronic city,2.0,39.95,2.0,1110.0
electronic city,4.0,104.0,4.0,2093.0
electronic city,2.0,53.9,2.0,1025.0
electronic city,1.0,21.0,1.0,435.0
electronic city,2.0,77.5,3.0,1500.0
electronic city,3.0,80.0,3.0,1631.0
electronic city,2.0,67.0,2.0,1355.0
electronic city,2.0,47.0,2.0,1175.0
electronic city,1.0,22.0,1.0,435.0
electronic city,2.0,63.0,3.0,1500.0
electronic city,2.0,50.0,2.0,1039.0
electronic city,1.0,39.9,2.0,770.0
electronic city,2.0,35.0,2.0,919.0
electronic city,2.0,38.0,3.0,1159.0
electronic city,2.0,53.0,2.0,1070.0
electronic city,2.0,78.0,3.0,2400.0
electronic city,3.0,83.0,3.0,1571.0
electronic city,3.0,66.0,3.0,1350.0
electronic city,2.0,39.0,3.0,1050.0
electronic city,1.0,28.0,1.0,635.0
electronic city,2.0,39.0,2.0,1096.0
electronic city,2.0,38.0,2.0,1150.0
electronic city,2.0,72.9,2.0,1355.0
electronic city,1.0,35.0,2.0,770.0
electronic city,2.0,40.0,2.0,865.0
electronic city,2.0,32.0,2.0,800.0
electronic city,2.0,34.0,2.0,970.0
electronic city,2.0,41.0,2.0,1100.0
electronic city,2.0,32.0,2.0,975.0
electronic city,1.0,22.0,1.0,605.0
electronic city,2.0,48.0,2.0,1070.0
electronic city,2.0,42.0,3.0,1160.0
electronic city,2.0,70.0,3.0,1360.0
electronic city,1.0,28.0,1.0,635.0
electronic city,2.0,40.0,2.0,890.0
electronic city,2.0,35.0,2.0,825.0
electronic city,2.0,40.5,2.0,1200.0
electronic city,2.0,58.0,3.0,1360.0
electronic city,1.0,33.7,1.0,630.0
electronic city,2.0,42.0,3.0,1160.0
electronic city,3.0,55.0,3.0,1287.0
electronic city,1.0,27.0,1.0,550.0
electronic city,2.0,50.0,2.0,1025.0
electronic city,2.0,55.0,2.0,1070.0
electronic city,2.0,72.0,2.0,1342.0
electronic city,3.0,70.0,3.0,1275.0
electronic city,1.0,38.0,2.0,770.0
electronic city,2.0,39.77,2.0,1005.0
electronic city,2.0,39.9,2.0,1110.0
electronic city,1.0,23.0,2.0,660.0
electronic city,2.0,62.0,2.0,1250.0
electronic city,2.0,55.0,2.0,1060.0
electronic city,3.0,63.43,3.0,1275.0
electronic city,3.0,75.0,3.0,1518.0
electronic city,2.0,55.0,2.0,1060.0
electronic city,2.0,57.0,2.0,1070.0
electronic city,3.0,90.0,3.0,1700.0
electronic city,2.0,57.5,3.0,1521.0
electronic city,1.0,35.0,1.0,750.0
electronic city,2.0,55.0,2.0,1210.0
electronic city,2.0,42.0,2.0,1190.0
electronic city,2.0,38.08,2.0,1150.0
electronic city,2.0,35.0,2.0,970.0
electronic city,3.0,73.0,3.0,1500.0
electronic city,2.0,48.0,2.0,995.0
electronic city,1.0,29.0,1.0,589.0
electronic city,2.0,30.0,2.0,825.0
electronic city,2.0,48.0,2.0,1070.0
electronic city,2.0,54.0,2.0,1025.0
electronic city,2.0,70.0,3.0,1500.0
electronic city,2.0,64.5,3.0,1500.0
electronic city,2.0,73.0,2.0,1355.0
electronic city,2.0,64.99,3.0,1360.0
electronic city,2.0,52.0,2.0,1060.0
electronic city phase ii,2.0,39.07,2.0,1056.0
electronic city phase ii,2.0,30.6,2.0,1020.0
electronic city phase ii,2.0,45.0,2.0,1069.0
electronic city phase ii,1.0,28.35,1.0,630.0
electronic city phase ii,2.0,35.23,3.0,1220.0
electronic city phase ii,4.0,98.88,4.0,2225.0
electronic city phase ii,2.0,40.43,3.0,1400.0
electronic city phase ii,2.0,28.88,2.0,1000.0
electronic city phase ii,2.0,38.13,3.0,1320.0
electronic city phase ii,3.0,35.23,3.0,1220.0
electronic city phase ii,2.0,44.0,2.0,972.0
electronic city phase ii,2.0,40.43,3.0,1400.0
electronic city phase ii,2.0,40.6,2.0,1003.0
electronic city phase ii,2.0,38.12,3.0,1320.0
electronic city phase ii,2.0,62.78,3.0,1395.0
electronic city phase ii,2.0,33.5,2.0,1160.0
electronic city phase ii,2.0,30.75,2.0,1065.0
electronic city phase ii,2.0,41.58,3.0,1400.0
electronic city phase ii,2.0,28.88,2.0,1000.0
electronic city phase ii,2.0,40.43,3.0,1400.0
electronic city phase ii,2.0,32.5,2.0,900.0
electronic city phase ii,2.0,41.0,3.0,1329.0
electronic city phase ii,3.0,35.23,3.0,1220.0
electronic city phase ii,3.0,52.47,3.0,1418.0
electronic city phase ii,2.0,45.0,2.0,1070.0
electronic city phase ii,2.0,37.83,3.0,1310.0
electronic city phase ii,2.0,33.06,2.0,1140.0
electronic city phase ii,2.0,32.67,2.0,1089.0
electronic city phase ii,2.0,40.44,3.0,1400.0
electronic city phase ii,2.0,33.5,2.0,1160.0
electronic city phase ii,2.0,45.0,3.0,975.0
electronic city phase ii,4.0,260.0,4.0,6000.0
electronic city phase ii,2.0,37.0,2.0,1116.0
electronic city phase ii,2.0,28.88,2.0,1000.0
electronic city phase ii,2.0,28.88,2.0,1000.0
electronic city phase ii,2.0,28.88,2.0,1000.0
electronic city phase ii,2.0,48.33,3.0,1611.0
electronic city phase ii,2.0,30.88,2.0,1065.0
electronic city phase ii,3.0,36.6,3.0,1220.0
electronic city phase ii,2.0,38.13,3.0,1320.0
electronic city phase ii,2.0,26.0,2.0,920.0
electronic city phase ii,2.0,33.84,2.0,1140.0
electronic city phase ii,2.0,40.0,3.0,875.0
electronic city phase ii,2.0,32.49,2.0,1125.0
electronic city phase ii,2.0,37.83,3.0,1310.0
electronic city phase ii,2.0,36.21,3.0,1220.0
electronic city phase ii,2.0,32.92,2.0,1140.0
electronic city phase ii,2.0,40.0,2.0,1116.0
electronic city phase ii,3.0,46.0,3.0,1150.0
electronic city phase ii,2.0,47.0,3.0,1192.0
electronic city phase ii,3.0,50.0,3.0,1502.0
electronic city phase ii,2.0,32.0,2.0,1020.0
electronic city phase ii,2.0,27.43,2.0,1020.0
electronic city phase ii,2.0,29.45,2.0,1020.0
electronic city phase ii,2.0,28.88,2.0,1000.0
electronic city phase ii,2.0,37.84,3.0,1310.0
electronic city phase ii,2.0,32.49,2.0,1125.0
electronic city phase ii,2.0,34.65,2.0,1200.0
electronic city phase ii,2.0,52.2,2.0,1160.0
electronic city phase ii,2.0,55.0,2.0,1244.0
electronic city phase ii,2.0,33.51,2.0,1160.0
electronic city phase ii,3.0,35.25,3.0,1220.0
electronic city phase ii,2.0,48.75,3.0,1625.0
electronic city phase ii,2.0,40.0,2.0,972.0
electronic city phase ii,2.0,33.51,2.0,1160.0
electronic city phase ii,2.0,40.45,3.0,1400.0
electronic city phase ii,2.0,31.48,2.0,1090.0
electronic city phase ii,2.0,32.92,2.0,1140.0
electronic city phase ii,2.0,33.5,2.0,1160.0
electronic city phase ii,2.0,29.6,2.0,1025.0
electronic city phase ii,2.0,22.8,2.0,829.0
electronic city phase ii,2.0,38.12,3.0,1320.0
electronic city phase ii,2.0,32.63,2.0,1125.0
electronic city phase ii,2.0,34.0,2.0,1140.0
electronic city phase ii,2.0,37.84,3.0,1310.0
electronic city phase ii,2.0,40.43,3.0,1400.0
electronic city phase ii,2.0,46.0,2.0,1135.0
electronic city phase ii,2.0,33.64,2.0,1165.0
electronic city phase ii,2.0,40.44,3.0,1400.0
electronic city phase ii,2.0,50.35,3.0,1336.0
electronic city phase ii,1.0,16.75,1.0,575.0
electronic city phase ii,2.0,30.76,2.0,1065.0
electronic city phase ii,2.0,30.75,2.0,1065.0
electronic city phase ii,2.0,33.06,2.0,1140.0
electronic city phase ii,2.0,26.5,2.0,911.0
electronic city phase ii,2.0,34.65,2.0,1200.0
electronic city phase ii,2.0,37.83,3.0,1310.0
electronic city phase ii,3.0,49.53,3.0,1651.0
electronics city phase 1,3.0,78.29,3.0,1475.0
electronics city phase 1,3.0,78.8,3.0,1490.0
electronics city phase 1,2.0,53.0,2.0,1113.27
electronics city phase 1,2.0,51.47,2.0,1175.0
electronics city phase 1,2.0,52.0,2.0,1160.0
electronics city phase 1,3.0,84.0,3.0,1750.0
electronics city phase 1,3.0,75.0,3.0,1595.0
electronics city phase 1,2.0,80.91,3.0,1515.0
electronics city phase 1,2.0,46.0,2.0,995.0
electronics city phase 1,2.0,82.0,3.0,1555.0
electronics city phase 1,2.0,55.0,3.0,1124.0
electronics city phase 1,2.0,57.0,2.0,1175.0
electronics city phase 1,1.0,27.0,1.0,580.0
electronics city phase 1,2.0,49.0,2.0,940.0
electronics city phase 1,2.0,67.0,2.0,1335.0
electronics city phase 1,2.0,55.0,2.0,1113.12
electronics city phase 1,3.0,71.0,3.0,1350.0
electronics city phase 1,2.0,49.8,2.0,995.0
electronics city phase 1,3.0,72.54,3.0,1450.0
electronics city phase 1,1.0,16.9,1.0,360.0
electronics city phase 1,1.0,32.0,1.0,638.0
electronics city phase 1,2.0,59.76,2.0,1200.0
electronics city phase 1,2.0,54.0,2.0,1145.0
electronics city phase 1,2.0,82.0,3.0,1550.0
electronics city phase 1,2.0,40.0,2.0,865.0
electronics city phase 1,3.0,70.0,3.0,1450.0
electronics city phase 1,2.0,63.51,3.0,1450.0
electronics city phase 1,3.0,93.0,3.0,1800.0
electronics city phase 1,2.0,60.0,2.0,1314.0
electronics city phase 1,2.0,62.0,2.0,1170.0
electronics city phase 1,2.0,48.0,2.0,940.0
electronics city phase 1,2.0,44.0,2.0,940.0
electronics city phase 1,2.0,67.0,2.0,1300.0
electronics city phase 1,2.0,51.0,2.0,1028.0
electronics city phase 1,2.0,46.0,2.0,1080.0
electronics city phase 1,2.0,60.0,2.0,1205.0
electronics city phase 1,3.0,85.0,3.0,1900.0
electronics city phase 1,2.0,67.0,2.0,1305.0
electronics city phase 1,2.0,60.0,2.0,1175.0
epip zone,5.0,102.0,3.0,1499.0
epip zone,2.0,82.0,2.0,1285.0
epip zone,3.0,162.0,3.0,2330.0
epip zone,2.0,92.5,2.0,1330.0
epip zone,2.0,86.98,2.0,1330.0
epip zone,2.0,93.36,2.0,1330.0
epip zone,5.0,200.0,4.0,3035.0
epip zone,3.0,102.0,3.0,1500.0
epip zone,5.0,225.0,4.0,3360.0
epip zone,2.0,86.0,2.0,1343.0
epip zone,4.0,163.0,3.0,2350.0
epip zone,3.0,130.0,3.0,1860.0
epip zone,3.0,177.0,3.0,2710.0
epip zone,5.0,221.0,4.0,3360.0
frazer town,3.0,180.0,3.0,1700.0
frazer town,3.0,185.0,3.0,1870.0
frazer town,3.0,150.0,3.0,1750.0
frazer town,3.0,200.0,3.0,2000.0
frazer town,4.0,330.0,3.0,3500.0
frazer town,2.0,140.0,2.0,1550.0
frazer town,3.0,265.0,3.0,2560.0
frazer town,3.0,180.0,3.0,1700.0099999999998
frazer town,3.0,260.0,3.0,2400.0
frazer town,5.0,341.0,4.0,3436.0
frazer town,2.0,140.0,2.0,1315.0
frazer town,3.0,154.0,3.0,1706.0
frazer town,3.0,220.0,3.0,2079.0
frazer town,2.0,341.0,4.0,3435.0
frazer town,5.0,345.0,4.0,3436.0
frazer town,2.0,105.0,2.0,1180.0
frazer town,3.0,180.0,3.0,1870.0
frazer town,1.0,100.0,1.0,896.0
ganga nagar,1.0,38.0,1.0,600.0
ganga nagar,2.0,55.0,2.0,845.0
ganga nagar,2.0,68.0,2.0,1112.0
ganga nagar,2.0,65.0,2.0,998.0
garudachar palya,2.0,60.8,3.0,1325.0
garudachar palya,2.0,48.7,2.0,1060.0
garudachar palya,2.0,52.75,2.0,1150.0
garudachar palya,2.0,59.5,3.0,1295.0
garudachar palya,2.0,60.6,3.0,1320.0
garudachar palya,2.0,59.5,3.0,1295.0
garudachar palya,2.0,52.8,2.0,1150.0
garudachar palya,2.0,52.8,2.0,1150.0
garudachar palya,2.0,48.5,2.0,1060.0
garudachar palya,2.0,52.5,2.0,1150.0
garudachar palya,2.0,60.8,3.0,1325.0
garudachar palya,2.0,48.66,2.0,1060.0
giri nagar,3.0,140.0,3.0,880.0
giri nagar,4.0,400.0,4.0,2400.0
giri nagar,4.0,400.0,4.0,2400.0
giri nagar,6.0,400.0,6.0,2400.0
giri nagar,6.0,100.0,6.0,600.0
giri nagar,4.0,175.0,4.0,1120.0
giri nagar,3.0,175.0,6.0,1200.0
gm palaya,2.0,86.0,3.0,1820.0
gm palaya,2.0,48.95,2.0,1140.0
gm palaya,3.0,64.0,3.0,1315.0
gm palaya,2.0,70.0,3.0,1643.0
gollahalli,2.0,45.51,2.0,1170.0
gollahalli,2.0,62.0,2.0,1418.0
gollarapalya hosahalli,3.0,62.0,3.0,1408.0
gollarapalya hosahalli,2.0,36.5,2.0,861.0
gollarapalya hosahalli,3.0,60.0,3.0,1345.0
gollarapalya hosahalli,3.0,56.0,3.0,1318.0
gollarapalya hosahalli,2.0,50.0,2.0,1129.0
gopalapura,3.0,275.0,3.0,2023.71
gopalapura,3.0,261.0,3.0,1950.2
gopalapura,3.0,298.0,3.0,2171.66
gopalkrishna nagar,2.0,75.0,2.0,1280.0
gopalkrishna nagar,2.0,95.0,3.0,1570.0
gottigere,2.0,40.0,2.0,1100.0
gottigere,2.0,45.0,2.0,967.0
gottigere,2.0,38.0,2.0,950.0
gottigere,2.0,48.5,2.0,1153.0
gottigere,4.0,82.0,4.0,2000.0
gottigere,2.0,65.0,3.0,1460.0
gottigere,3.0,70.0,3.0,1500.0
gottigere,3.0,72.0,3.0,1621.0
gottigere,2.0,40.0,2.0,990.0
gottigere,3.0,64.0,3.0,1385.0
gottigere,2.0,50.0,3.0,1385.0
gottigere,2.0,62.0,3.0,1435.0
gottigere,2.0,45.0,2.0,945.0
gottigere,2.0,52.0,3.0,1230.0
gottigere,2.0,50.0,2.0,1120.0
gottigere,3.0,63.0,3.0,1500.0
gottigere,2.0,61.0,2.0,1280.0
gottigere,2.0,56.58,2.0,1205.0
gottigere,3.0,132.0,4.0,3000.0
gottigere,3.0,72.0,3.0,1613.0
gottigere,2.0,59.0,2.0,1245.0
gottigere,2.0,50.0,2.0,1200.0
green glen layout,4.0,230.0,4.0,3250.0
green glen layout,4.0,230.0,4.0,3250.0
green glen layout,3.0,115.0,3.0,1715.0
green glen layout,2.0,115.0,3.0,1751.0
green glen layout,3.0,105.0,3.0,1530.0
green glen layout,3.0,110.0,3.0,1645.0
green glen layout,3.0,100.0,3.0,1517.0
green glen layout,4.0,218.0,4.0,3150.0
green glen layout,4.0,205.0,4.0,3270.0
green glen layout,3.0,120.0,3.0,1750.0
green glen layout,3.0,115.0,3.0,1751.0
green glen layout,3.0,120.0,3.0,1715.0
green glen layout,2.0,105.0,3.0,1623.29
green glen layout,3.0,115.0,3.0,1715.0
green glen layout,3.0,105.0,3.0,1715.0
green glen layout,3.0,105.0,3.0,1600.0
green glen layout,3.0,112.0,3.0,1715.0
green view layout,2.0,40.0,2.0,1107.0
green view layout,2.0,42.0,2.0,1150.0
green view layout,2.0,41.0,2.0,1010.0
gubbalala,2.0,82.0,3.0,1470.0
gubbalala,3.0,104.0,3.0,1745.0
gubbalala,3.0,115.0,3.0,1745.0
gubbalala,3.0,110.0,3.0,1745.0
gubbalala,4.0,141.0,5.0,2570.0
gubbalala,2.0,70.0,2.0,1205.0
gubbalala,2.0,80.0,3.0,1435.0
gubbalala,2.0,80.0,2.0,1475.0
gubbalala,3.0,125.0,3.0,2000.0
gubbalala,5.0,195.0,4.0,4000.0
gunjur,2.0,43.0,2.0,1140.0
gunjur,3.0,75.0,3.0,1600.0
gunjur,3.0,95.0,4.0,2000.0
gunjur,2.0,49.11,2.0,1140.0
gunjur,2.0,44.0,2.0,1195.0
gunjur,2.0,60.0,2.0,1457.0
gunjur,2.0,41.0,2.0,1080.0
gunjur,3.0,80.0,3.0,2132.0
gunjur,3.0,70.0,3.0,1800.0
gunjur,2.0,43.48,2.0,1175.0
gunjur,3.0,62.63,3.0,1362.0
gunjur,2.0,51.0,2.0,1071.0
gunjur,2.0,40.0,2.0,1063.0
gunjur,2.0,52.76,2.0,1235.0
gunjur,3.0,62.63,3.0,1362.0
gunjur,3.0,62.63,3.0,1362.0
gunjur,2.0,60.0,2.0,1457.0
gunjur palya,2.0,43.0,2.0,1050.0
gunjur palya,2.0,42.0,2.0,993.0
gunjur palya,2.0,52.76,2.0,1235.0
hal 2nd stage,3.0,145.0,2.0,600.0
hal 2nd stage,7.0,250.0,7.0,1000.0
hal 2nd stage,7.0,260.0,8.0,1000.0
hal 2nd stage,4.0,500.0,5.0,2040.0
haralur road,2.0,70.0,2.0,1240.0
haralur road,2.0,44.0,2.0,1027.0
haralur road,3.0,56.0,3.0,1464.0
haralur road,5.0,154.0,4.0,2805.0
haralur road,2.0,47.0,2.0,1194.0
haralur road,2.0,53.0,2.0,1202.0
haralur road,2.0,61.0,2.0,1056.0
haralur road,3.0,56.0,3.0,1464.0
haralur road,3.0,100.0,3.0,1810.0
haralur road,2.0,46.0,2.0,1194.0
haralur road,4.0,154.0,4.0,2805.0
haralur road,2.0,67.38,2.0,1225.0
haralur road,2.0,44.0,2.0,1027.0
haralur road,3.0,115.0,3.0,1920.0
haralur road,3.0,110.0,3.0,1875.0
haralur road,2.0,47.0,2.0,1194.0
haralur road,2.0,44.0,2.0,1027.0
haralur road,2.0,46.0,2.0,1194.0
haralur road,3.0,110.0,3.0,1875.0
haralur road,2.0,44.0,2.0,1092.0
haralur road,4.0,130.0,3.0,2475.0
haralur road,2.0,73.0,2.0,1300.0
haralur road,2.0,47.0,2.0,1194.0
haralur road,3.0,110.0,3.0,1850.0
haralur road,2.0,67.38,2.0,1225.0
haralur road,2.0,56.0,2.0,1464.0
haralur road,2.0,44.0,2.0,1000.0
haralur road,2.0,80.0,3.0,1444.0
haralur road,2.0,44.0,2.0,1027.0
haralur road,3.0,56.0,3.0,1464.0
haralur road,2.0,70.0,2.0,1225.0
haralur road,3.0,56.0,3.0,1464.0
haralur road,2.0,46.0,2.0,1194.0
haralur road,3.0,101.0,3.0,1830.0
haralur road,2.0,56.0,2.0,1464.0
haralur road,2.0,75.0,2.0,1300.0
haralur road,2.0,44.0,2.0,1027.0
haralur road,5.0,160.0,4.0,2805.0
haralur road,2.0,44.0,2.0,1027.0
haralur road,3.0,105.0,3.0,2017.0
haralur road,2.0,90.0,3.0,1520.0
haralur road,2.0,60.0,2.0,1300.0
haralur road,2.0,60.0,2.0,1056.0
haralur road,2.0,62.0,2.0,1245.0
haralur road,2.0,58.0,2.0,1140.0
haralur road,2.0,43.0,2.0,1027.0
haralur road,2.0,47.0,2.0,1194.0
haralur road,2.0,47.0,2.0,1194.0
haralur road,3.0,90.0,3.0,1560.0
haralur road,2.0,85.0,3.0,1520.0
haralur road,2.0,44.0,2.0,1027.0
haralur road,2.0,46.0,2.0,1194.0
haralur road,3.0,100.0,3.0,1650.0
haralur road,3.0,73.0,3.0,1580.0
haralur road,2.0,47.0,2.0,1194.0
haralur road,4.0,154.0,4.0,2805.0
haralur road,3.0,83.05,3.0,1510.0
haralur road,3.0,100.0,3.0,1810.0
haralur road,2.0,46.0,2.0,1194.0
haralur road,2.0,46.0,2.0,1194.0
haralur road,2.0,47.0,2.0,1194.0
haralur road,2.0,47.0,2.0,1194.0
haralur road,3.0,56.0,3.0,1464.0
haralur road,3.0,85.0,3.0,1710.0
haralur road,3.0,95.0,3.0,1730.0
haralur road,3.0,110.0,3.0,1817.0
haralur road,2.0,67.48,2.0,1225.0
haralur road,2.0,69.84,2.0,1225.0
haralur road,2.0,46.0,2.0,1200.0
haralur road,3.0,92.0,3.0,1976.0
haralur road,2.0,75.0,2.0,1300.0
haralur road,1.0,44.0,2.0,1027.0
haralur road,2.0,75.0,2.0,1300.0
haralur road,3.0,84.0,3.0,1890.0
haralur road,2.0,67.65,2.0,1230.0
haralur road,2.0,46.0,2.0,1194.0
haralur road,2.0,44.0,2.0,1092.0
haralur road,3.0,56.0,3.0,1464.0
haralur road,3.0,97.0,3.0,1735.0
haralur road,3.0,97.83,3.0,1810.0
haralur road,2.0,46.0,2.0,1200.0
harlur,2.0,69.0,2.0,1174.0
harlur,2.0,84.0,2.0,1197.0
harlur,2.0,76.0,2.0,1174.0
harlur,3.0,125.0,3.0,1754.0
harlur,2.0,85.0,2.0,1290.0
harlur,3.0,116.0,3.0,1752.12
harlur,3.0,124.0,3.0,1754.0
harlur,2.0,69.0,2.0,1152.0
harlur,2.0,87.0,2.0,1290.0
harlur,3.0,115.0,3.0,1749.0
harlur,5.0,155.0,3.0,2240.0
harlur,4.0,120.0,4.0,1884.0
harlur,2.0,79.0,2.0,1197.0
harlur,2.0,78.0,2.0,1174.0
harlur,3.0,100.0,3.0,1730.0
harlur,2.0,79.0,2.0,1197.0
harlur,3.0,112.0,3.0,1749.0
harlur,2.0,75.0,2.0,1174.0
harlur,3.0,110.0,3.0,1620.0
harlur,3.0,95.1,3.0,1630.0
harlur,3.0,130.0,3.0,1755.0
harlur,2.0,88.0,2.0,1331.0
harlur,3.0,128.0,3.0,1756.0
harlur,3.0,120.0,3.0,1749.0
harlur,2.0,82.0,2.0,1197.0
harlur,2.0,90.0,2.0,1303.0
harlur,2.0,75.0,2.0,1174.0
harlur,2.0,78.0,2.0,1197.0
harlur,2.0,89.9,2.0,1290.0
harlur,2.0,85.0,2.0,1386.0
harlur,2.0,74.0,2.0,1174.0
harlur,2.0,78.0,2.0,1174.0
harlur,3.0,115.0,3.0,1755.0
harlur,4.0,175.0,4.0,2569.0
harlur,2.0,77.0,2.0,1197.0
harlur,3.0,125.0,3.0,1752.12
harlur,5.0,180.0,4.0,2569.0
harlur,2.0,76.0,2.0,1197.0
harlur,2.0,75.0,2.0,1197.0
harlur,3.0,117.0,3.0,1755.0
harlur,2.0,79.9,2.0,1197.0
harlur,2.0,88.0,2.0,1370.0
hbr layout,3.0,59.0,4.0,675.0
hbr layout,2.0,200.0,3.0,2800.0
hbr layout,3.0,95.0,3.0,1722.0
hbr layout,4.0,120.0,4.0,1200.0
hbr layout,3.0,125.0,3.0,1783.0
hbr layout,3.0,90.0,3.0,1656.0
hbr layout,2.0,60.0,2.0,1089.0
hbr layout,3.0,110.0,3.0,1700.0
hbr layout,2.0,65.0,2.0,1198.0
hbr layout,4.0,115.0,4.0,1200.0
hbr layout,2.0,120.0,2.0,1200.0
hbr layout,3.0,160.0,3.0,1832.0
hebbal,2.0,123.0,3.0,1760.0
hebbal,3.0,119.0,3.0,1900.0
hebbal,2.0,98.2,2.0,1349.0
hebbal,2.0,130.0,3.0,1760.0
hebbal,5.0,260.0,3.0,3450.0
hebbal,3.0,134.0,3.0,1920.0
hebbal,2.0,82.0,2.0,1337.0
hebbal,2.0,98.0,2.0,1349.0
hebbal,2.0,77.68,3.0,1255.0
hebbal,3.0,83.87,3.0,1355.0
hebbal,3.0,127.0,3.0,1790.0
hebbal,2.0,42.72,2.0,687.325
hebbal,5.0,198.0,4.0,2790.0
hebbal,2.0,55.0,2.0,812.0
hebbal,4.0,198.0,4.0,2790.0
hebbal,4.0,230.0,4.0,3067.0
hebbal,4.0,230.0,4.0,3067.0
hebbal,2.0,77.68,3.0,1255.0
hebbal,2.0,50.63,2.0,823.0
hebbal,3.0,65.4,3.0,1069.0
hebbal,2.0,99.39,2.0,1420.0
hebbal,3.0,124.0,3.0,1700.0
hebbal,2.0,99.39,2.0,1420.0
hebbal,3.0,83.87,3.0,1355.0
hebbal,2.0,115.0,2.0,1440.0
hebbal,3.0,83.87,3.0,1355.0
hebbal,4.0,180.0,3.0,2400.0
hebbal,2.0,77.68,3.0,1255.0
hebbal,2.0,107.0,2.0,1420.0
hebbal,2.0,92.0,2.0,1320.0
hebbal,3.0,135.0,3.0,1645.0
hebbal,3.0,175.0,3.0,2080.0
hebbal,3.0,83.87,3.0,1355.0
hebbal,3.0,195.0,3.0,2600.0
hebbal,3.0,117.0,3.0,1645.0
hebbal,2.0,88.73,2.0,1251.0
hebbal,3.0,121.0,3.0,1645.0
hebbal,3.0,123.0,3.0,1760.0
hebbal,4.0,198.0,4.0,2790.0
hebbal,3.0,120.0,3.0,1645.0
hebbal,2.0,90.0,3.0,1255.0
hebbal,3.0,117.0,3.0,1645.0
hebbal,3.0,77.68,3.0,1255.0
hebbal,3.0,119.0,3.0,1636.0
hebbal,2.0,95.0,3.0,1255.0
hebbal,4.0,198.0,4.0,2790.0
hebbal,2.0,95.0,3.0,1255.0
hebbal,2.0,97.8,2.0,1349.0
hebbal,3.0,77.68,3.0,1255.0
hebbal,2.0,108.0,2.0,1344.0
hebbal,2.0,90.0,3.0,1255.0
hebbal,3.0,77.68,3.0,1255.0
hebbal,5.0,204.0,4.0,2790.0
hebbal,4.0,165.0,3.0,1987.0
hebbal,5.0,198.0,4.0,2790.0
hebbal,2.0,100.0,2.0,1299.0
hebbal,3.0,117.0,3.0,1645.0
hebbal,2.0,95.0,2.0,1390.0
hebbal,2.0,100.0,2.0,1333.0
hebbal,3.0,83.87,3.0,1355.0
hebbal,4.0,199.0,3.0,2650.0
hebbal,3.0,140.0,3.0,1800.0
hebbal,4.0,203.0,4.0,2470.0
hebbal,2.0,95.0,3.0,1255.0
hebbal,2.0,104.0,2.0,1333.0
hebbal,3.0,117.0,3.0,1645.0
hebbal,3.0,199.0,3.0,2600.0
hebbal,2.0,97.0,2.0,1345.0
hebbal,2.0,62.0,2.0,985.0
hebbal,2.0,91.0,2.0,1320.0
hebbal,3.0,195.0,3.0,2388.0
hebbal,3.0,195.0,3.0,2600.0
hebbal,5.0,188.0,4.0,2630.0
hebbal,5.0,198.0,4.0,2790.0
hebbal,3.0,113.0,3.0,1645.0
hebbal,3.0,83.87,3.0,1355.0
hebbal,2.0,99.39,2.0,1420.0
hebbal,3.0,96.0,3.0,1590.0
hebbal,2.0,69.0,2.0,1162.0
hebbal,2.0,97.0,2.0,1299.0
hebbal,3.0,77.68,3.0,1255.0
hebbal,5.0,192.0,4.0,2470.0
hebbal,3.0,117.0,3.0,1645.0
hebbal,3.0,134.0,3.0,1920.0
hebbal,5.0,240.0,3.0,3520.0
hebbal,3.0,150.0,3.0,1920.0
hebbal,4.0,189.0,4.0,2375.0
hebbal,2.0,99.26,2.0,1420.0
hebbal,2.0,92.0,2.0,1252.0
hebbal,4.0,198.0,4.0,2790.0
hebbal,2.0,137.0,3.0,1740.0
hebbal,3.0,85.0,3.0,1430.0
hebbal,2.0,98.0,2.0,1349.0
hebbal,2.0,96.8,2.0,1349.0
hebbal kempapura,3.0,155.0,3.0,1700.0
hebbal kempapura,3.0,175.0,3.0,1800.0
hebbal kempapura,4.0,300.0,3.0,2900.0
hebbal kempapura,5.0,200.0,5.0,2280.0
hebbal kempapura,2.0,125.0,2.0,1200.0
hebbal kempapura,4.0,240.0,3.0,2900.0
hebbal kempapura,5.0,360.0,4.0,3900.0
hebbal kempapura,2.0,140.0,3.0,1466.0
hebbal kempapura,2.0,165.0,3.0,1725.0
hebbal kempapura,3.0,125.0,3.0,1200.0
hebbal kempapura,3.0,132.0,2.0,1485.0
hebbal kempapura,3.0,150.0,3.0,1800.0
hebbal kempapura,5.0,200.0,5.0,2400.0
hebbal kempapura,3.0,165.0,3.0,1785.0
hebbal kempapura,4.0,384.0,4.0,3729.0
hebbal kempapura,3.0,175.0,3.0,1730.0
hegde nagar,3.0,101.0,3.0,1569.0
hegde nagar,7.0,210.0,6.0,3000.0
hegde nagar,3.0,132.0,3.0,2026.0
hegde nagar,3.0,115.0,3.0,1801.0
hegde nagar,2.0,97.0,2.0,1341.0
hegde nagar,4.0,145.0,3.0,2112.95
hegde nagar,4.0,83.0,4.0,1200.0
hegde nagar,3.0,113.0,3.0,1703.0
hegde nagar,3.0,105.0,3.0,1570.0
hegde nagar,3.0,103.0,3.0,1584.01
hegde nagar,4.0,125.0,3.0,1965.0
hegde nagar,2.0,75.0,2.0,1200.0
hegde nagar,3.0,135.0,3.0,1847.0
hegde nagar,4.0,132.0,3.0,1965.0
hegde nagar,3.0,125.0,3.0,1703.0
hegde nagar,3.0,125.0,3.0,1847.0
hegde nagar,4.0,145.0,3.0,2144.6
hegde nagar,3.0,119.0,3.0,1718.0
hegde nagar,3.0,123.0,3.0,1847.0
hegde nagar,4.0,135.0,3.0,2087.01
hegde nagar,4.0,118.0,3.0,1884.0
hegde nagar,4.0,122.0,3.0,1930.0
hegde nagar,3.0,104.0,3.0,1584.01
hegde nagar,4.0,129.0,3.0,2162.03
hegde nagar,2.0,66.0,2.0,1000.0
hegde nagar,2.0,80.5,3.0,1348.0
hennur,2.0,52.0,2.0,1075.0
hennur,2.0,52.32,2.0,1255.0
hennur,2.0,57.0,2.0,1225.0
hennur,2.0,57.5,2.0,1255.0
hennur,2.0,57.0,2.0,1259.0
hennur,2.0,53.5,2.0,1255.0
hennur,2.0,60.0,2.0,1285.0
hennur,2.0,60.0,2.0,1285.0
hennur,2.0,58.0,2.0,1255.0
hennur,2.0,54.5,2.0,1255.0
hennur,2.0,55.5,2.0,1255.0
hennur,2.0,52.0,3.0,1260.0
hennur,2.0,50.0,2.0,1231.0
hennur,2.0,49.0,2.0,1160.0
hennur,2.0,53.5,2.0,1255.0
hennur,2.0,55.5,2.0,1255.0
hennur,2.0,57.5,2.0,1255.0
hennur,2.0,48.0,2.0,1020.0
hennur,2.0,52.32,2.0,1255.0
hennur,2.0,64.0,2.0,1295.0
hennur,2.0,70.5,3.0,1655.0
hennur,2.0,58.0,2.0,1255.0
hennur,2.0,62.0,2.0,1420.0
hennur,2.0,54.5,2.0,1155.0
hennur,2.0,52.32,2.0,1255.0
hennur,2.0,52.35,2.0,1255.0
hennur,2.0,54.5,2.0,1255.0
hennur,3.0,84.205,3.0,1830.5
hennur,2.0,55.5,2.0,1255.0
hennur,2.0,53.57,2.0,1255.0
hennur,2.0,56.5,2.0,1255.0
hennur,2.0,42.73,2.0,1050.0
hennur,2.0,62.0,2.0,1295.0
hennur bande,2.0,78.0,2.0,1100.0
hennur bande,4.0,150.0,3.0,1313.0
hennur gardens,2.0,115.0,3.0,1490.0
hennur gardens,2.0,115.0,3.0,1464.0
hennur gardens,2.0,115.0,2.0,1441.0
hennur gardens,3.0,135.0,3.0,1945.0
hennur road,3.0,140.0,3.0,2089.0
hennur road,2.0,83.09,2.0,1385.0
hennur road,3.0,120.0,3.0,1904.0
hennur road,3.0,109.0,3.0,1891.0
hennur road,3.0,95.0,3.0,1561.0
hennur road,2.0,60.0,3.0,1192.0
hennur road,2.0,92.0,3.0,1482.0
hennur road,2.0,83.73,3.0,1482.0
hennur road,2.0,87.0,3.0,1482.0
hennur road,3.0,101.0,3.0,1703.0
hennur road,2.0,69.61,2.0,1232.0
hennur road,3.0,102.0,3.0,1804.0
hennur road,2.0,63.0,3.0,1186.0
hennur road,3.0,99.27,3.0,1680.0
hennur road,2.0,83.09,2.0,1385.0
hennur road,3.0,93.94,3.0,1586.0
hennur road,3.0,123.0,3.0,1975.0
hennur road,2.0,49.5,2.0,901.0
hennur road,3.0,86.56,3.0,1445.0
hennur road,2.0,97.0,3.0,1482.0
hennur road,2.0,62.0,3.0,1192.0
hennur road,2.0,59.46,2.0,1036.0
hennur road,3.0,109.0,3.0,1891.0
hennur road,2.0,69.61,2.0,1232.0
hennur road,3.0,102.0,3.0,1804.0
hennur road,3.0,118.0,3.0,1936.0
hennur road,3.0,96.5,3.0,1590.0
hennur road,2.0,59.45,2.0,1036.0
hennur road,3.0,125.0,3.0,1832.0
hennur road,2.0,75.76,2.0,1341.0
hennur road,3.0,95.0,3.0,1685.0
hennur road,2.0,84.18,2.0,1414.0
hennur road,3.0,133.0,3.0,1949.0
hennur road,2.0,77.88,3.0,1250.0
hennur road,3.0,110.0,3.0,1831.0
hennur road,2.0,74.0,2.0,1232.0
hennur road,2.0,66.0,2.0,1232.0
hennur road,3.0,150.0,3.0,2700.0
hennur road,2.0,66.0,2.0,1310.0
hennur road,3.0,120.0,3.0,2002.0
hennur road,2.0,69.6,2.0,1232.0
hennur road,2.0,73.0,2.0,1195.0
hennur road,2.0,54.92,2.0,1061.0
hennur road,2.0,80.0,3.0,1585.0
hennur road,3.0,128.0,3.0,2041.0
hennur road,2.0,56.0,2.0,973.0
hennur road,2.0,84.0,2.0,1255.0
hennur road,2.0,83.0,2.0,1232.0
hennur road,3.0,116.0,3.0,1832.0
hennur road,3.0,120.0,3.0,2050.0
hennur road,2.0,86.69,3.0,1445.0
hennur road,2.0,83.0,3.0,1445.0
hennur road,3.0,94.86,3.0,1679.0
hennur road,3.0,97.8,3.0,1654.0
hennur road,3.0,100.0,3.0,1480.0
hennur road,3.0,88.6,3.0,1450.0
hennur road,2.0,69.18,2.0,1155.0
hennur road,2.0,53.0,2.0,1053.0
hennur road,3.0,129.0,3.0,1904.0
hennur road,3.0,134.0,3.0,1981.0
hennur road,2.0,69.18,2.0,1155.0
hennur road,3.0,105.0,3.0,1590.0
hennur road,3.0,138.0,3.0,2041.0
hennur road,2.0,69.61,2.0,1232.0
hennur road,3.0,103.0,3.0,1748.0
hennur road,2.0,80.3,2.0,1460.0
hennur road,2.0,69.61,2.0,1232.0
hennur road,3.0,79.0,3.0,1450.0
hennur road,2.0,89.56,3.0,1445.0
hennur road,2.0,50.74,2.0,973.0
hennur road,2.0,83.73,3.0,1482.0
hennur road,2.0,77.0,3.0,1305.0
hennur road,3.0,86.0,3.0,1672.0
hennur road,2.0,67.0,2.0,1165.0
hennur road,2.0,51.0,2.0,980.0
hennur road,2.0,80.0,2.0,1232.0
hennur road,2.0,55.0,2.0,950.0
hennur road,3.0,110.0,3.0,1891.0
hennur road,2.0,75.0,3.0,1470.0
hennur road,2.0,80.0,2.0,1450.0
hennur road,2.0,69.18,2.0,1155.0
hennur road,3.0,131.0,3.0,1936.0
hessarghatta,2.0,42.0,2.0,900.0
hessarghatta,3.0,65.0,3.0,1330.0
hessarghatta,2.0,50.0,2.0,1062.0
hongasandra,2.0,49.0,2.0,1150.0
hongasandra,2.0,45.0,2.0,1065.0
hongasandra,2.0,45.0,2.0,1065.0
hoodi,2.0,67.0,2.0,985.0
hoodi,2.0,95.0,3.0,1715.0
hoodi,4.0,111.0,4.0,2118.0
hoodi,2.0,80.0,2.0,1425.0
hoodi,2.0,75.0,2.0,1420.0
hoodi,3.0,110.0,3.0,1639.0
hoodi,3.0,89.55,3.0,1606.0
hoodi,3.0,98.32,3.0,1639.0
hoodi,3.0,75.77,3.0,1512.0
hoodi,2.0,60.87,2.0,1026.0
hoodi,2.0,78.0,2.0,1400.0
hoodi,5.0,160.0,5.0,2400.0
hoodi,2.0,71.74,2.0,1196.0
hoodi,3.0,83.09,3.0,1553.0
hoodi,2.0,84.0,2.0,1500.0
hoodi,2.0,57.63,2.0,1055.0
hoodi,2.0,114.0,3.0,1925.0
hoodi,2.0,82.0,2.0,1400.0
hoodi,1.0,48.24,1.0,706.0
hoodi,2.0,69.0,2.0,1257.0
hoodi,2.0,67.9,2.0,1132.0
hoodi,3.0,110.0,3.0,1925.0
hoodi,3.0,96.87,3.0,1769.0
hoodi,2.0,71.03,2.0,1257.0
hoodi,2.0,75.0,2.0,1305.0
hoodi,3.0,79.0,3.0,1490.0
hoodi,2.0,65.0,2.0,1240.0
hoodi,2.0,74.23,2.0,1108.0
hoodi,2.0,68.5,2.0,1257.0
hoodi,2.0,61.17,2.0,1063.0
hoodi,2.0,69.45,2.0,1259.0
hoodi,1.0,42.65,1.0,711.0
hoodi,3.0,81.55,3.0,1559.0
hoodi,2.0,100.0,3.0,1715.0
hoodi,3.0,70.0,3.0,1350.0
hoodi,3.0,76.0,2.0,1447.0
hoodi,3.0,140.0,3.0,2144.0
hoodi,2.0,66.46,2.0,1108.0
hoodi,3.0,74.0,3.0,1400.0
hoodi,3.0,110.0,3.0,1837.0
hoodi,4.0,220.0,4.0,3385.0
hoodi,3.0,85.0,3.0,1490.0
hoodi circle,3.0,79.0,3.0,1629.0
hoodi circle,1.0,39.0,1.0,813.0
horamavu agara,2.0,45.0,2.0,1200.0
horamavu agara,3.0,75.0,3.0,1560.0
horamavu agara,2.0,47.65,2.0,982.0
horamavu agara,2.0,75.0,3.0,1650.0
horamavu agara,2.0,39.0,2.0,950.0
horamavu agara,2.0,43.09,2.0,1106.0
horamavu agara,2.0,41.0,2.0,1079.0
horamavu agara,2.0,37.0,2.0,1060.0
horamavu agara,2.0,41.51,2.0,1107.83
horamavu agara,2.0,38.19,2.0,980.0
horamavu agara,2.0,41.21,2.0,1145.0
horamavu agara,2.0,46.0,2.0,1000.0
horamavu agara,2.0,37.49,2.0,760.0
horamavu agara,2.0,42.0,2.0,1150.0
horamavu agara,2.0,50.0,3.0,1364.0
horamavu agara,1.0,27.0,1.0,625.0
horamavu agara,2.0,38.0,2.0,1080.0
horamavu agara,2.0,42.28,2.0,994.0
horamavu agara,2.0,41.51,2.0,1107.83
horamavu agara,2.0,52.0,3.0,1300.0
horamavu agara,2.0,46.0,2.0,1090.0
horamavu agara,3.0,63.0,3.0,1400.0
horamavu agara,3.0,70.0,3.0,1557.0
horamavu agara,2.0,47.0,2.0,1058.0
horamavu banaswadi,3.0,66.0,3.0,1611.0
horamavu banaswadi,2.0,46.0,2.0,1156.0
horamavu banaswadi,2.0,51.6,2.0,1307.0
horamavu banaswadi,2.0,54.0,2.0,1357.0
horamavu banaswadi,2.0,38.0,2.0,925.0
horamavu banaswadi,2.0,48.0,2.0,1272.0
horamavu banaswadi,2.0,49.5,2.0,1225.0
horamavu banaswadi,2.0,51.5,2.0,1272.0
horamavu banaswadi,2.0,51.5,2.0,1272.0
horamavu banaswadi,2.0,46.9,2.0,1156.0
horamavu banaswadi,2.0,45.0,2.0,1200.0
horamavu banaswadi,2.0,47.0,2.0,1254.0
horamavu banaswadi,3.0,68.0,3.0,1610.0
horamavu banaswadi,2.0,50.0,2.0,1210.0
horamavu banaswadi,2.0,54.0,2.0,1357.0
horamavu banaswadi,2.0,50.0,2.0,1272.0
horamavu banaswadi,2.0,45.0,2.0,1200.0
horamavu banaswadi,2.0,45.0,2.0,1025.0
hormavu,2.0,78.0,2.0,1500.0
hormavu,2.0,55.0,2.0,1150.0
hormavu,2.0,50.0,2.0,1180.0
hormavu,2.0,52.0,2.0,1175.0
hormavu,2.0,53.0,1.0,1351.0
hormavu,2.0,44.4,2.0,1141.0
hormavu,3.0,70.0,3.0,1500.0
hormavu,3.0,85.0,3.0,1725.0
hormavu,2.0,53.11,2.0,1150.0
hormavu,2.0,56.0,2.0,1123.0
hormavu,2.0,69.0,3.0,1385.0
hormavu,3.0,73.595,3.0,1617.5
hormavu,2.0,49.35,2.0,1030.0
hormavu,2.0,50.8,2.0,1018.0
hormavu,3.0,75.0,3.0,1555.0
hormavu,2.0,53.0,2.0,1143.0
hormavu,2.0,50.0,2.0,1000.0
hormavu,2.0,37.49,2.0,765.0
hormavu,3.0,58.0,3.0,1420.0
hormavu,2.0,60.0,2.0,1250.0
hormavu,1.0,28.275,1.0,583.0
hormavu,2.0,44.0,2.0,1129.0
hormavu,2.0,69.25,3.0,1385.0
hormavu,2.0,50.92,2.0,1065.0
hormavu,2.0,75.0,2.0,1400.0
hormavu,2.0,65.0,3.0,1365.0
hormavu,2.0,60.0,3.0,1550.0
hormavu,2.0,65.0,2.0,1250.0
hormavu,3.0,68.0,3.0,1604.0
hormavu,2.0,53.7,2.0,1075.0
hormavu,2.0,42.0,2.0,980.0
hormavu,2.0,53.7,2.0,1075.0
hormavu,4.0,115.0,4.0,2282.0
hormavu,2.0,55.0,2.0,1206.0
hormavu,2.0,67.0,2.0,1310.0
hormavu,2.0,60.0,2.0,1310.0
hormavu,2.0,45.75,2.0,1020.0
hosa road,3.0,85.0,3.0,1652.0
hosa road,3.0,80.0,3.0,1639.0
hosa road,2.0,55.15,2.0,1161.0
hosa road,3.0,81.99,3.0,1726.0
hosa road,2.0,55.15,2.0,1161.0
hosa road,3.0,69.84,3.0,1541.0
hosa road,2.0,86.12,3.0,1332.0
hosa road,1.0,28.29,1.0,615.0
hosa road,2.0,85.28,3.0,1318.0
hosa road,2.0,52.0,2.0,1133.0
hosa road,2.0,55.15,2.0,1161.0
hosa road,3.0,98.13,3.0,1532.0
hosa road,3.0,101.0,3.0,1680.0
hosa road,2.0,50.0,2.0,880.0
hosa road,3.0,98.18,3.0,1533.0
hosa road,2.0,68.59,2.0,1040.0
hosa road,2.0,61.0,2.0,1040.0
hosa road,2.0,62.0,2.0,1245.0
hosa road,2.0,84.86,3.0,1311.0
hosa road,1.0,39.99,1.0,800.0
hosa road,3.0,81.99,3.0,1726.0
hosa road,2.0,64.79,2.0,1364.0
hosa road,2.0,45.0,2.0,1016.0
hosa road,2.0,77.61,2.0,1360.0
hosa road,2.0,65.0,2.0,1170.0
hosa road,2.0,55.15,2.0,1161.0
hosa road,5.0,55.0,5.0,900.0
hosa road,2.0,84.22,3.0,1470.0
hosa road,3.0,69.61,3.0,1541.0
hosakerehalli,3.0,262.0,3.0,2378.0
hosakerehalli,3.0,203.0,3.0,2376.0
hosakerehalli,5.0,248.0,4.0,3024.0
hosakerehalli,5.0,250.0,5.0,2400.0
hosakerehalli,4.0,153.0,3.0,1817.0
hosakerehalli,2.0,100.0,2.0,1304.0
hosakerehalli,9.0,150.0,9.0,1380.0
hosakerehalli,3.0,245.0,3.0,2480.0
hosakerehalli,4.0,260.0,3.0,2480.0
hosakerehalli,2.0,100.0,3.0,1200.0
hosakerehalli,4.0,300.0,4.0,3205.0
hosakerehalli,4.0,326.0,4.0,3033.0
hosakerehalli,2.0,65.0,2.0,600.0
hosakerehalli,4.0,265.0,3.0,2480.0
hosakerehalli,3.0,240.0,3.0,2376.0
hosakerehalli,6.0,145.0,5.0,1500.0
hoskote,3.0,50.0,3.0,1250.0
hoskote,3.0,40.0,3.0,1225.0
hoskote,3.0,60.0,3.0,1740.0
hoskote,2.0,45.0,2.0,1170.0
hoskote,2.0,38.0,3.0,1069.0
hoskote,2.0,33.6,2.0,1095.0
hoskote,3.0,50.0,3.0,1695.0
hoskote,2.0,31.5,2.0,1065.0
hoskote,2.0,35.0,2.0,945.0
hoskote,2.0,28.095,2.0,1003.5
hoskote,2.0,33.75,2.0,1065.0
hosur road,2.0,69.0,2.0,1194.0
hosur road,2.0,60.0,3.0,1145.0
hosur road,2.0,80.63,3.0,1427.0
hosur road,2.0,85.0,3.0,1733.0
hosur road,2.0,60.0,2.0,950.0
hosur road,2.0,71.64,2.0,1194.0
hosur road,3.0,103.0,3.0,1689.0
hosur road,5.0,180.0,5.0,3600.0
hosur road,3.0,103.0,3.0,1689.0
hosur road,4.0,160.0,4.0,3000.0
hosur road,4.0,130.0,4.0,2000.0
hosur road,2.0,65.0,2.0,1250.0
hosur road,3.0,103.0,3.0,1689.0
hosur road,3.0,90.0,3.0,1685.0
hosur road,3.0,117.0,3.0,1919.0
hoysalanagar,3.0,57.0,3.0,1325.0
hoysalanagar,2.0,40.0,2.0,885.0
hrbr layout,2.0,95.0,2.0,1374.0
hrbr layout,2.0,98.0,2.0,1440.0
hrbr layout,3.0,90.0,3.0,1567.0
hrbr layout,3.0,250.0,3.0,2800.0
hrbr layout,2.0,75.0,2.0,1210.0
hrbr layout,2.0,78.0,2.0,1265.0
hrbr layout,2.0,75.0,2.0,1170.0
hrbr layout,2.0,87.0,3.0,1335.0
hrbr layout,3.0,120.0,3.0,1625.0
hrbr layout,2.0,120.0,2.0,1301.0
hrbr layout,2.0,68.5,2.0,1145.0
hrbr layout,2.0,90.0,2.0,1300.0
hsr layout,3.0,56.0,3.0,1400.0
hsr layout,2.0,68.0,2.0,1372.0
hsr layout,2.0,65.0,3.0,1430.0
hsr layout,3.0,75.0,3.0,1475.0
hsr layout,2.0,55.0,2.0,1467.0
hsr layout,2.0,46.0,2.0,1140.0
hsr layout,2.0,61.0,2.0,1372.0
hsr layout,3.0,95.0,3.0,1750.0
hsr layout,3.0,90.0,3.0,2424.0
hsr layout,2.0,44.0,2.0,1027.0
hsr layout,3.0,110.0,3.0,1650.0
hsr layout,2.0,46.0,2.0,1140.0
hsr layout,2.0,61.0,2.0,1372.0
hsr layout,2.0,46.0,2.0,1140.0
hsr layout,2.0,60.0,2.0,1185.0
hsr layout,2.0,68.0,2.0,1127.0
hsr layout,2.0,48.0,2.0,1145.0
hsr layout,2.0,56.0,2.0,1009.0
hsr layout,3.0,88.0,3.0,2400.0
hsr layout,2.0,46.0,2.0,1140.0
hsr layout,2.0,69.0,2.0,1126.0
hsr layout,2.0,53.0,3.0,1360.0
hsr layout,2.0,46.0,2.0,1140.0
hsr layout,2.0,46.0,2.0,1145.0
hsr layout,2.0,65.0,2.0,1142.0
hsr layout,2.0,46.0,2.0,1145.0
hsr layout,3.0,95.0,3.0,1844.0
hsr layout,2.0,72.0,2.0,1203.0
hsr layout,2.0,46.0,2.0,1140.0
hsr layout,5.0,245.0,5.0,4200.0
hsr layout,2.0,46.0,2.0,1140.0
hsr layout,2.0,46.0,2.0,1145.0
hsr layout,2.0,56.0,2.0,1009.0
hsr layout,2.0,46.0,2.0,1145.0
hsr layout,2.0,44.0,2.0,1100.0
hsr layout,2.0,60.0,2.0,1203.0
hsr layout,2.0,70.0,2.0,1120.0
hsr layout,2.0,46.0,2.0,1140.0
hsr layout,2.0,70.0,2.0,1289.0
hsr layout,3.0,89.0,3.0,1844.0
hsr layout,2.0,60.0,2.0,1203.0
hsr layout,2.0,46.0,2.0,1140.0
hulimavu,2.0,50.0,2.0,1125.0
hulimavu,2.0,51.0,2.0,1242.0
hulimavu,3.0,78.0,3.0,1650.0
hulimavu,3.0,100.0,3.0,1823.0
hulimavu,2.0,43.2,2.0,1080.0
hulimavu,2.0,71.5,2.0,1100.0
hulimavu,1.0,50.0,1.0,688.0
hulimavu,2.0,73.0,2.0,1255.0
hulimavu,4.0,75.0,4.0,1200.0
hulimavu,2.0,48.0,2.0,1058.0
hulimavu,2.0,80.0,2.0,1375.0
hulimavu,2.0,69.0,2.0,1248.0
hulimavu,2.0,55.0,2.0,1225.0
hulimavu,2.0,74.0,2.0,1255.0
hulimavu,2.0,69.0,2.0,1255.0
hulimavu,2.0,66.0,2.0,1255.0
hulimavu,5.0,220.0,3.0,3035.0
hulimavu,2.0,65.0,2.0,1127.0
hulimavu,2.0,50.0,2.0,1200.0
hulimavu,3.0,72.0,3.0,1450.0
hulimavu,2.0,75.0,2.0,1200.0
hulimavu,2.0,90.0,3.0,1430.0
hulimavu,1.0,39.5,2.0,850.0
hulimavu,2.0,45.0,2.0,1000.0
hulimavu,2.0,59.0,3.0,1320.0
hulimavu,4.0,100.0,4.0,2000.0
hulimavu,2.0,76.0,2.0,1276.0
hulimavu,2.0,90.0,2.0,1500.0
hulimavu,2.0,60.48,2.0,1315.0
hulimavu,1.0,29.0,1.0,581.0
hulimavu,2.0,45.0,2.0,935.0
hulimavu,2.0,65.0,3.0,1320.0
hulimavu,4.0,75.0,4.0,1200.0
hulimavu,2.0,82.0,3.0,1260.0
hulimavu,1.0,20.0,1.0,450.0
hulimavu,2.0,84.5,2.0,1231.0
hulimavu,2.0,44.6,2.0,1115.0
huskur,2.0,35.23,3.0,1220.0
huskur,2.0,37.83,3.0,1310.0
huskur,2.0,32.92,2.0,1140.0
huskur,2.0,40.43,3.0,1400.0
iblur village,3.0,235.0,3.0,3235.0
iblur village,5.0,252.0,4.0,3596.0
iblur village,4.0,145.0,3.0,2100.0
iblur village,3.0,150.0,3.0,1920.0
iblur village,3.0,150.0,3.0,1920.0
iblur village,4.0,138.0,3.0,2000.0
iblur village,5.0,260.0,4.0,3596.0
iblur village,5.0,279.0,4.0,3596.0
iblur village,4.0,200.0,3.0,2666.0
iblur village,5.0,420.0,5.0,5384.0
iblur village,6.0,425.0,5.0,5515.0
iblur village,4.0,268.0,4.0,3596.0
iblur village,5.0,251.0,4.0,3596.0
indira nagar,4.0,200.0,4.0,2200.0
indira nagar,2.0,105.0,2.0,1128.0
indira nagar,3.0,330.0,3.0,2800.0
indira nagar,3.0,200.0,3.0,1650.0
indira nagar,3.0,180.0,3.0,1875.0
indira nagar,2.0,102.0,2.0,1210.0
indira nagar,2.0,105.0,2.0,1224.0
indira nagar,3.0,225.0,3.0,2070.0
indira nagar,1.0,70.0,1.0,500.0
indira nagar,2.0,168.0,2.0,1400.0
indira nagar,3.0,120.0,3.0,1407.0
indira nagar,2.0,100.0,2.0,1145.0
indira nagar,2.0,170.0,2.0,1470.0
indira nagar,3.0,324.0,3.0,2700.0
indira nagar,4.0,312.0,3.0,2601.0
indira nagar,2.0,100.0,2.0,1260.0
indira nagar,3.0,191.0,3.0,1740.0
indira nagar,3.0,220.0,3.0,1650.0
indira nagar,3.0,150.0,3.0,1700.0
indira nagar,2.0,171.0,2.0,1475.0
indira nagar,4.0,440.0,4.0,3200.0
indira nagar,3.0,120.0,3.0,1500.0
indira nagar,3.0,200.0,3.0,1650.0
indira nagar,4.0,365.0,4.0,2800.0
indira nagar,2.0,120.0,2.0,1260.0
indira nagar,2.0,130.0,2.0,1149.0
indira nagar,3.0,150.0,3.0,1650.0
isro layout,6.0,250.0,6.0,4400.0
isro layout,2.0,60.0,2.0,1000.0
isro layout,2.0,52.0,2.0,1180.0
isro layout,2.0,60.0,2.0,1000.0
isro layout,2.0,68.0,3.0,1310.0
isro layout,4.0,255.0,4.0,4200.0
isro layout,2.0,51.0,2.0,1050.0
isro layout,2.0,87.0,3.0,1370.0
iti layout,2.0,77.27,2.0,1333.0
iti layout,2.0,90.0,2.0,1450.0
itpl,3.0,56.12,3.0,1200.0
itpl,3.0,56.12,3.0,1200.0
itpl,3.0,56.12,3.0,1200.0
itpl,5.0,300.0,4.0,5667.5
ittamadu,2.0,85.0,1.0,1200.0
ittamadu,2.0,50.0,2.0,1080.0
ittamadu,4.0,100.0,6.0,1200.0
ittamadu,3.0,100.0,3.0,1600.0
ittamadu,3.0,95.0,3.0,1800.0
ittamadu,3.0,75.0,3.0,1475.0
jakkur,2.0,77.0,2.0,1279.0
jakkur,3.0,107.0,3.0,1710.0
jakkur,2.0,86.51,3.0,1396.0
jakkur,3.0,124.0,3.0,1865.0
jakkur,2.0,100.0,2.0,1452.19
jakkur,3.0,120.0,3.0,1798.0
jakkur,2.0,85.0,2.0,1300.0
jakkur,3.0,131.0,3.0,1950.0
jakkur,2.0,76.0,2.0,1230.0
jakkur,2.0,80.0,2.0,1290.0
jakkur,3.0,110.0,3.0,1760.0
jakkur,4.0,130.0,4.0,2283.0
jakkur,2.0,98.0,2.0,1483.0
jakkur,3.0,86.0,3.0,1482.0
jakkur,3.0,100.0,3.0,1645.0
jakkur,3.0,111.0,3.0,1650.0
jakkur,4.0,160.0,3.0,2423.0
jakkur,3.0,136.0,3.0,2197.0
jakkur,2.0,65.0,2.0,1125.0
jakkur,2.0,79.0,2.0,1230.0
jakkur,2.0,79.0,2.0,1202.0
jakkur,3.0,123.0,3.0,1858.0
jakkur,3.0,110.0,3.0,1798.0
jakkur,2.0,60.0,2.0,1080.0
jakkur,2.0,71.195,2.0,1260.0
jakkur,3.0,119.0,3.0,1816.0
jakkur,2.0,80.0,2.0,1424.0
jakkur,2.0,85.0,2.0,1290.0
jakkur,2.0,80.0,2.0,1300.0
jakkur,2.0,80.04,2.0,1290.0
jakkur,2.0,72.0,2.0,1282.0
jakkur,4.0,110.0,3.0,1880.0
jakkur,3.0,104.0,3.0,1660.0
jakkur,2.0,75.0,2.0,1291.0
jakkur,2.0,85.0,2.0,1473.0
jakkur,3.0,104.0,3.0,1660.0
jakkur,3.0,131.0,3.0,1950.0
jakkur,2.0,85.0,2.0,1432.0
jakkur,3.0,65.0,3.0,1150.0
jakkur,3.0,110.0,3.0,1710.0
jakkur plantation,4.0,115.0,3.0,1800.0
jakkur plantation,3.0,110.0,3.0,1719.0
jakkur plantation,2.0,87.0,2.0,1368.0
jalahalli,3.0,160.0,3.0,2250.0
jalahalli,3.0,110.0,3.0,1870.0
jalahalli,1.0,80.0,2.0,1400.0
jalahalli,4.0,135.0,3.0,1932.0
jalahalli,4.0,165.0,3.0,2384.0
jalahalli,2.0,49.5,2.0,790.0
jalahalli,3.0,82.0,3.0,1395.0
jalahalli,1.0,37.0,1.0,600.0
jalahalli,3.0,138.0,3.0,2404.0
jalahalli,2.0,55.0,2.0,905.0
jalahalli,2.0,70.0,2.0,1000.0
jalahalli,2.0,102.0,3.0,1470.0
jalahalli,2.0,88.0,2.0,1244.0
jalahalli,2.0,98.49,2.0,1407.0
jalahalli,2.0,89.0,3.0,1530.0
jalahalli,4.0,100.0,3.0,1575.0
jalahalli,2.0,60.0,3.0,980.0
jalahalli,3.0,115.0,3.0,1881.0
jalahalli,2.0,85.0,3.0,1405.0
jalahalli east,1.0,40.0,1.0,750.0
jalahalli east,2.0,60.0,3.0,1260.0
jalahalli east,2.0,58.0,2.0,1020.0
jalahalli east,2.0,63.0,3.0,1300.0
jalahalli east,1.0,34.1,1.0,775.0
jalahalli east,2.0,52.0,2.0,1010.0
jalahalli east,2.0,52.0,2.0,1010.0
jalahalli west,1.0,25.0,1.0,469.0
jalahalli west,2.0,62.0,2.0,1250.0
jayanagar,3.0,375.0,3.0,3095.0
jayanagar,2.0,235.0,3.0,1875.0
jayanagar,2.0,110.0,2.0,900.0
jeevan bima nagar,4.0,160.0,5.0,1210.0
jeevan bima nagar,2.0,125.0,2.0,984.0
jigani,2.0,52.0,2.0,918.0
jigani,2.0,48.0,2.0,918.0
jigani,2.0,47.0,2.0,914.0
jigani,2.0,55.0,2.0,927.0
jigani,2.0,46.0,2.0,920.0
jigani,4.0,130.0,3.0,2400.0
jigani,2.0,45.0,2.0,918.0
jigani,2.0,55.0,2.0,918.0
jigani,2.0,44.0,2.0,937.0
jigani,3.0,61.0,3.0,1252.0
jigani,2.0,50.0,2.0,923.0
jigani,3.0,58.0,3.0,1250.0
jigani,3.0,63.0,3.0,1252.0
jigani,3.0,72.0,3.0,1221.0
jigani,2.0,49.0,2.0,918.0
jigani,2.0,49.0,2.0,914.0
jigani,2.0,50.0,2.0,918.0
jigani,3.0,65.0,3.0,1200.0
jigani,2.0,55.0,2.0,914.0
jigani,3.0,65.0,3.0,1352.0
jigani,3.0,60.0,3.0,1230.0
jigani,3.0,65.0,3.0,1221.0
jigani,3.0,70.0,3.0,1252.0
jigani,3.0,65.0,3.0,1221.0
jigani,3.0,59.0,3.0,1252.0
jigani,3.0,70.0,3.0,1221.0
jigani,3.0,58.0,3.0,1231.0
jigani,2.0,48.0,2.0,943.0
jigani,3.0,66.0,3.0,1245.0
jigani,3.0,65.0,3.0,1221.0
jigani,2.0,49.5,2.0,943.0
jp nagar,2.0,70.0,2.0,1100.0
jp nagar,2.0,49.0,2.0,940.0
jp nagar,3.0,135.0,3.0,2500.0
jp nagar,4.0,314.5,4.0,4624.5
jp nagar,1.0,44.0,1.0,1050.0
jp nagar,2.0,93.865,2.0,1352.5
jp nagar,2.0,62.0,2.0,1200.0
jp nagar,2.0,90.87,2.0,1300.0
jp nagar,2.0,85.4,3.0,1315.0
jp nagar,3.0,112.0,3.0,1690.0
jp nagar,4.0,140.0,4.0,3000.0
jp nagar,4.0,140.0,4.0,3000.0
jp nagar,4.0,160.0,3.0,3300.0
jp nagar,2.0,49.9,3.0,1150.0
jp nagar,1.0,52.5,1.0,750.0
jp nagar,2.0,78.0,2.0,1200.0
jp nagar,2.0,110.0,3.0,1850.0
jp nagar,4.0,160.0,7.0,2700.0
jp nagar,2.0,82.0,3.0,1500.0
jp nagar,2.0,45.0,2.0,820.0
jp nagar,3.0,123.0,3.0,1750.0
jp nagar,3.0,83.0,3.0,1600.0
jp nagar,3.0,150.0,4.0,3000.0
jp nagar,1.0,34.27,1.0,745.0
jp nagar,3.0,138.0,3.0,1960.0
jp nagar,2.0,87.0,4.0,1500.0
jp nagar,2.0,85.0,3.0,1590.0
jp nagar,2.0,60.0,2.0,1250.0
jp nagar,2.0,91.65,2.0,1300.0
jp nagar,2.0,57.0,2.0,1107.0
jp nagar,2.0,108.0,3.0,1500.0
jp nagar,2.0,99.0,2.0,1405.0
jp nagar,2.0,73.0,2.0,1157.0
jp nagar,2.0,82.0,3.0,1500.0
jp nagar,2.0,44.0,2.0,1048.0
judicial layout,3.0,64.0,3.0,1300.0
judicial layout,3.0,162.0,3.0,2070.0
judicial layout,3.0,155.0,3.0,1700.0
judicial layout,2.0,53.0,3.0,1100.0
judicial layout,7.0,199.0,7.0,1200.0
judicial layout,4.0,700.0,5.0,5400.0
judicial layout,4.0,350.0,4.0,2400.0
judicial layout,3.0,162.0,4.0,1500.0
judicial layout,4.0,155.0,3.0,1989.0
kacharakanahalli,2.0,60.0,2.0,1256.0
kacharakanahalli,3.0,69.0,3.0,1400.0
kacharakanahalli,2.0,60.0,2.0,1256.0
kadubeesanahalli,2.0,75.0,3.0,1424.0
kadubeesanahalli,3.0,80.0,3.0,1365.0
kadubeesanahalli,2.0,55.0,2.0,1184.0
kadubeesanahalli,2.0,55.0,2.0,1185.0
kadubeesanahalli,2.0,78.0,2.0,1140.0
kadugodi,2.0,54.0,3.0,1260.0
kadugodi,3.0,91.45,3.0,1762.0
kadugodi,2.0,58.0,2.0,1198.0
kadugodi,4.0,210.0,4.0,3750.0
kadugodi,3.0,108.0,3.0,1900.0
kadugodi,2.0,68.2,2.0,1314.0
kadugodi,2.0,82.0,3.0,1645.0
kadugodi,3.0,75.0,3.0,1711.0
kadugodi,2.0,78.0,2.0,1314.0
kadugodi,1.0,40.7,1.0,925.0
kadugodi,2.0,78.0,3.0,1351.0
kadugodi,2.0,50.0,2.0,1010.0
kadugodi,2.0,61.0,2.0,1152.0
kadugodi,4.0,134.0,4.0,3000.0
kadugodi,2.0,110.0,3.0,1875.0
kadugodi,2.0,80.0,2.0,1314.0
kadugodi,2.0,60.0,2.0,1196.0
kaggadasapura,2.0,56.0,3.0,1280.0
kaggadasapura,2.0,52.0,2.0,1275.0
kaggadasapura,4.0,100.0,4.0,2150.0
kaggadasapura,2.0,53.0,2.0,1110.0
kaggadasapura,2.0,48.0,2.0,1060.0
kaggadasapura,3.0,55.5,3.0,1350.0
kaggadasapura,2.0,42.0,2.0,1063.0
kaggadasapura,2.0,48.0,2.0,1050.0
kaggadasapura,2.0,53.0,2.0,1200.0
kaggadasapura,2.0,45.5,2.0,1035.0
kaggadasapura,1.0,50.0,2.0,1180.0
kaggadasapura,2.0,46.0,2.0,1140.0
kaggadasapura,2.0,50.0,3.0,1256.0
kaggadasapura,2.0,48.0,2.0,1225.0
kaggadasapura,2.0,75.0,3.0,1805.0
kaggadasapura,2.0,72.0,3.0,1560.0
kaggadasapura,2.0,58.58,2.0,1240.0
kaggadasapura,2.0,43.0,2.0,1000.0
kaggadasapura,2.0,48.0,2.0,1225.0
kaggadasapura,5.0,120.0,3.0,2500.0
kaggadasapura,2.0,45.0,2.0,960.0
kaggadasapura,3.0,60.0,3.0,1495.0
kaggadasapura,3.0,70.0,3.0,1654.0
kaggadasapura,4.0,90.0,4.0,2150.0
kaggadasapura,2.0,70.0,3.0,1485.0
kaggadasapura,2.0,50.0,2.0,1175.0
kaggadasapura,4.0,130.0,4.0,3000.0
kaggadasapura,2.0,60.0,3.0,1500.0
kaggadasapura,2.0,45.0,2.0,1150.0
kaggalipura,1.0,38.0,1.0,700.0
kaggalipura,2.0,58.0,3.0,1210.0
kaggalipura,1.0,36.0,1.0,700.0
kaggalipura,2.0,48.0,2.0,950.0
kaggalipura,2.0,50.0,2.0,950.0
kaggalipura,2.0,47.0,2.0,950.0
kaggalipura,2.0,62.0,3.0,1150.0
kaggalipura,1.0,35.0,1.0,700.0
kaggalipura,2.0,57.5,3.0,1150.0
kaggalipura,2.0,65.0,3.0,1210.0
kaikondrahalli,3.0,100.0,3.0,1645.0
kaikondrahalli,4.0,108.0,4.0,1700.0
kaikondrahalli,3.0,105.0,3.0,1605.0
kaikondrahalli,2.0,81.5,2.0,1253.0
kaikondrahalli,2.0,64.0,2.0,991.0
kaikondrahalli,2.0,78.0,2.0,1250.0
kaikondrahalli,6.0,225.0,6.0,3381.0
kalena agrahara,2.0,50.0,2.0,1200.0
kalena agrahara,2.0,70.0,3.0,1425.0
kalena agrahara,2.0,76.0,2.0,1325.0
kalena agrahara,2.0,85.0,3.0,1450.0
kalena agrahara,2.0,52.0,2.0,1187.0
kalena agrahara,3.0,78.0,3.0,1565.0
kalena agrahara,2.0,45.0,2.0,1040.0
kalena agrahara,3.0,89.0,3.0,1902.0
kalena agrahara,2.0,40.0,2.0,800.0
kalena agrahara,2.0,40.0,2.0,900.0
kalena agrahara,2.0,95.0,3.0,1837.0
kalena agrahara,3.0,78.0,3.0,1510.0
kalena agrahara,2.0,70.0,2.0,1354.0
kalena agrahara,3.0,70.0,2.0,1200.0
kalena agrahara,2.0,71.0,2.0,1354.0
kalkere,2.0,40.0,2.0,856.0
kalkere,2.0,48.0,2.0,925.0
kalkere,2.0,51.0,2.0,925.0
kalkere,2.0,54.0,2.0,1147.0
kalkere,3.0,95.0,3.0,1850.0
kalyan nagar,3.0,75.0,3.0,1375.0
kalyan nagar,2.0,39.0,2.0,820.0
kalyan nagar,3.0,88.0,3.0,1640.0
kalyan nagar,3.0,85.0,3.0,1800.0
kalyan nagar,2.0,73.0,2.0,1080.0
kalyan nagar,3.0,150.0,4.0,2422.0
kalyan nagar,2.0,65.0,2.0,1198.0
kalyan nagar,2.0,65.0,2.0,1250.0
kalyan nagar,2.0,60.0,2.0,1190.0
kalyan nagar,2.0,70.0,2.0,1100.0
kamakshipalya,2.0,75.0,2.0,1150.0
kamakshipalya,2.0,85.0,2.0,1044.0
kamakshipalya,1.0,30.0,1.0,450.0
kambipura,2.0,39.0,2.0,883.0
kambipura,2.0,39.0,2.0,883.0
kambipura,2.0,44.0,2.0,883.0
kambipura,2.0,48.0,3.0,1083.0
kambipura,2.0,39.0,2.0,883.0
kambipura,2.0,39.0,2.0,883.0
kambipura,2.0,39.0,2.0,883.0
kammanahalli,4.0,150.0,5.0,1666.0
kammanahalli,1.0,59.0,1.0,700.0
kammanahalli,2.0,50.0,3.0,600.0
kammanahalli,1.0,81.0,2.0,1200.0
kammanahalli,4.0,200.0,4.0,2900.0
kammasandra,2.0,24.5,2.0,810.0
kammasandra,1.0,18.41,1.0,657.5
kammasandra,2.0,32.0,2.0,1156.0
kammasandra,2.0,24.0,2.0,870.0
kammasandra,2.0,31.5,2.0,990.0
kammasandra,2.0,25.0,2.0,930.0
kammasandra,2.0,25.79,2.0,992.0
kammasandra,2.0,37.0,2.0,1015.0
kammasandra,2.0,31.99,2.0,1080.0
kammasandra,2.0,35.0,2.0,1057.0
kammasandra,2.0,25.53,2.0,982.0
kammasandra,2.0,35.0,2.0,940.0
kammasandra,1.0,18.5,1.0,610.0
kanaka nagar,3.0,99.0,3.0,1365.0
kanaka nagar,4.0,160.0,3.0,2274.24
kanakapura,3.0,75.0,3.0,1419.0
kanakapura,1.0,36.0,1.0,711.0
kanakapura,1.0,38.0,1.0,711.0
kanakapura,2.0,46.0,2.0,929.0
kanakapura,3.0,75.0,3.0,1476.0
kanakapura,2.0,64.0,2.0,1295.0
kanakapura,2.0,55.0,2.0,1277.0
kanakapura,2.0,59.0,2.0,1151.0
kanakapura,2.0,47.0,2.0,945.0
kanakapura,2.0,65.0,2.0,1340.0
kanakapura,3.0,75.0,3.0,1450.0
kanakapura,2.0,68.0,2.0,1283.0
kanakapura,1.0,50.0,1.0,938.0
kanakapura,2.0,70.0,3.0,1489.0
kanakapura,2.0,69.5,3.0,1477.0
kanakpura road,2.0,36.0,2.0,700.0
kanakpura road,3.0,88.0,3.0,1665.0
kanakpura road,4.0,110.0,4.0,2250.0
kanakpura road,2.0,51.25,2.0,1017.0
kanakpura road,1.0,26.0,1.0,525.0
kanakpura road,1.0,27.25,1.0,525.0
kanakpura road,2.0,58.0,3.0,1100.0
kanakpura road,2.0,57.0,2.0,1180.0
kanakpura road,2.0,75.0,2.0,1339.0
kanakpura road,3.0,58.0,3.0,1100.0
kanakpura road,1.0,26.0,1.0,525.0
kanakpura road,3.0,53.0,3.0,1100.0
kanakpura road,3.0,95.84,3.0,1843.0
kanakpura road,2.0,69.0,2.0,1500.0
kanakpura road,3.0,86.58,3.0,1665.0
kanakpura road,2.0,85.0,3.0,1542.0
kanakpura road,2.0,69.0,3.0,1300.0
kanakpura road,2.0,46.0,2.0,900.0
kanakpura road,1.0,45.0,2.0,900.0
kanakpura road,3.0,92.15,3.0,1843.0
kanakpura road,2.0,46.0,2.0,900.0
kanakpura road,2.0,46.0,2.0,900.0
kanakpura road,3.0,81.94,3.0,1699.0
kanakpura road,2.0,58.0,2.0,1135.0
kanakpura road,2.0,75.0,3.0,1420.0
kanakpura road,2.0,41.0,2.0,900.0
kanakpura road,2.0,50.6,2.0,983.0
kanakpura road,2.0,35.0,2.0,700.0
kanakpura road,3.0,75.0,3.0,1660.0
kanakpura road,3.0,95.84,3.0,1843.0
kanakpura road,1.0,35.0,2.0,700.0
kanakpura road,1.0,25.0,1.0,525.0
kanakpura road,3.0,53.0,3.0,1100.0
kanakpura road,2.0,56.32,2.0,1252.0
kanakpura road,3.0,53.0,3.0,1100.0
kanakpura road,2.0,62.0,2.0,1339.0
kanakpura road,2.0,54.54,2.0,1090.0
kanakpura road,2.0,56.74,2.0,1051.0
kanakpura road,2.0,45.0,2.0,950.0
kanakpura road,3.0,69.0,3.0,1300.0
kanakpura road,3.0,88.0,3.0,1700.0
kanakpura road,3.0,99.0,3.0,1900.0
kanakpura road,2.0,41.0,2.0,900.0
kanakpura road,3.0,52.97,3.0,1100.0
kanakpura road,2.0,34.98,2.0,700.0
kanakpura road,2.0,60.0,2.0,1225.0
kanakpura road,2.0,62.0,2.0,1339.0
kanakpura road,3.0,90.0,3.0,1800.0
kanakpura road,2.0,71.5,2.0,1339.0
kanakpura road,1.0,35.0,1.0,670.0
kanakpura road,2.0,60.0,2.0,1340.0
kanakpura road,3.0,63.58,3.0,1260.0
kanakpura road,2.0,55.5,2.0,1155.0
kanakpura road,2.0,41.0,2.0,900.0
kanakpura road,2.0,34.99,2.0,700.0
kanakpura road,2.0,64.39,2.0,1309.0
kanakpura road,3.0,82.0,3.0,1843.0
kanakpura road,3.0,86.91,3.0,1665.0
kanakpura road,3.0,86.58,3.0,1665.0
kanakpura road,1.0,38.44,1.0,712.0
kanakpura road,3.0,85.0,3.0,1843.0
kanakpura road,3.0,85.0,3.0,1737.0
kanakpura road,2.0,35.07,2.0,700.0
kanakpura road,1.0,27.0,1.0,525.0
kanakpura road,1.0,27.5,1.0,525.0
kanakpura road,1.0,26.25,1.0,525.0
kanakpura road,1.0,26.0,1.0,525.0
kanakpura road,2.0,63.22,2.0,1283.0
kanakpura road,3.0,53.0,3.0,1100.0
kanakpura road,3.0,88.0,3.0,1843.0
kanakpura road,3.0,56.57,3.0,1100.0
kanakpura road,2.0,35.0,2.0,700.0
kanakpura road,3.0,96.2,3.0,1843.0
kanakpura road,3.0,72.99,3.0,1500.0
kanakpura road,2.0,65.0,2.0,1240.0
kanakpura road,3.0,68.0,3.0,1420.0
kanakpura road,3.0,74.9,3.0,1498.0
kanakpura road,2.0,35.0,2.0,700.0
kanakpura road,3.0,65.0,3.0,1450.0
kanakpura road,2.0,56.74,2.0,1135.0
kanakpura road,3.0,58.0,3.0,1100.0
kanakpura road,2.0,52.97,3.0,1100.0
kanakpura road,2.0,70.18,3.0,1450.0
kanakpura road,1.0,26.01,1.0,525.0
kanakpura road,3.0,85.0,3.0,1843.0
kanakpura road,3.0,92.69,3.0,1938.0
kanakpura road,2.0,70.0,2.0,1322.0
kanakpura road,3.0,69.0,3.0,1300.0
kanakpura road,3.0,69.0,3.0,1300.0
kanakpura road,2.0,34.0,2.0,700.0
kanakpura road,2.0,63.0,2.0,1167.0
kanakpura road,2.0,65.0,3.0,1419.59
kanakpura road,3.0,78.0,3.0,1665.0
kanakpura road,2.0,63.0,2.0,1339.0
kanakpura road,3.0,69.0,3.0,1300.0
kanakpura road,2.0,41.0,2.0,900.0
kanakpura road,3.0,64.0,3.0,1300.0
kanakpura road,2.0,51.0,2.0,1120.0
kanakpura road,2.0,78.0,2.0,1430.0
kanakpura road,2.0,36.0,2.0,700.0
kanakpura road,3.0,69.0,3.0,1401.0
kanakpura road,2.0,60.0,2.0,1220.0
kanakpura road,3.0,53.0,3.0,1100.0
kanakpura road,3.0,58.0,3.0,1100.0
kanakpura road,2.0,41.0,2.0,900.0
kanakpura road,3.0,53.0,3.0,1100.0
kanakpura road,2.0,69.0,3.0,1300.0
kanakpura road,3.0,105.0,3.0,2000.0
kanakpura road,2.0,62.0,2.0,1200.0
kanakpura road,2.0,41.0,2.0,900.0
kanakpura road,3.0,95.0,3.0,1843.0
kanakpura road,2.0,53.0,3.0,1100.0
kanakpura road,3.0,90.0,3.0,1843.0
kanakpura road,2.0,46.29,2.0,900.0
kanakpura road,3.0,105.0,3.0,1938.0
kanakpura road,3.0,96.2,3.0,1843.0
kanakpura road,1.0,26.0,1.0,525.0
kanakpura road,3.0,78.5,3.0,1610.0
kanakpura road,3.0,62.6,3.0,1250.0
kanakpura road,2.0,36.0,2.0,700.0
kanakpura road,2.0,42.0,2.0,900.0
kanakpura road,3.0,74.9,3.0,1665.0
kanakpura road,2.0,67.0,2.0,1339.0
kannamangala,2.0,58.0,2.0,957.0
kannamangala,2.0,56.0,2.0,957.0
kannamangala,3.0,89.0,3.0,1536.0
kannamangala,3.0,93.34,3.0,1574.0
kannamangala,2.0,54.5,2.0,957.0
kannamangala,4.0,135.0,4.0,2422.0
kannamangala,2.0,55.0,2.0,957.0
kannamangala,2.0,56.0,2.0,957.0
karuna nagar,3.0,180.0,3.0,2500.0
karuna nagar,3.0,190.0,3.0,2500.0
karuna nagar,2.0,98.0,3.0,1354.0
kasavanhalli,2.0,58.06,2.0,1060.0
kasavanhalli,3.0,105.0,3.0,1563.05
kasavanhalli,3.0,99.0,3.0,1717.0
kasavanhalli,3.0,90.0,3.0,1799.0
kasavanhalli,2.0,78.0,2.0,1349.0
kasavanhalli,2.0,78.0,2.0,1200.0
kasavanhalli,3.0,79.5,3.0,1646.0
kasavanhalli,3.0,82.5,3.0,1555.0
kasavanhalli,3.0,89.0,3.0,1476.0
kasavanhalli,3.0,82.0,3.0,1493.0
kasavanhalli,3.0,116.0,3.0,1719.0
kasavanhalli,2.0,61.2,2.0,1125.0
kasavanhalli,3.0,77.41,3.0,1450.0
kasavanhalli,3.0,95.0,3.0,1476.0
kasavanhalli,3.0,110.0,3.0,2100.0
kasavanhalli,2.0,59.8,2.0,1090.0
kasavanhalli,3.0,104.0,3.0,1691.0
kasavanhalli,4.0,272.0,4.0,4260.0
kasavanhalli,4.0,120.0,3.0,2111.0
kasavanhalli,3.0,105.0,4.0,1863.0
kasavanhalli,3.0,92.0,3.0,1667.0
kasavanhalli,3.0,82.0,3.0,1494.0
kasavanhalli,3.0,82.0,3.0,1555.0
kasavanhalli,1.0,43.82,1.0,770.0
kasavanhalli,2.0,60.0,2.0,1147.0
kasavanhalli,2.0,72.0,2.0,1375.0
kasavanhalli,2.0,60.0,2.0,1200.0
kasavanhalli,2.0,83.0,2.0,1495.0
kasavanhalli,2.0,69.0,3.0,1225.0
kasavanhalli,2.0,78.0,2.0,1375.0
kasavanhalli,2.0,67.0,2.0,1158.0
kasavanhalli,2.0,67.0,2.0,1214.0
kasavanhalli,4.0,120.0,3.0,2110.0
kasavanhalli,2.0,85.0,2.0,1575.0
kasavanhalli,2.0,55.0,2.0,1069.0
kasavanhalli,2.0,68.0,2.0,1100.0
kasavanhalli,3.0,112.0,3.0,1715.0
kasavanhalli,2.0,65.0,2.0,1100.0
kasavanhalli,2.0,66.25,2.0,1230.0
kasavanhalli,3.0,79.0,3.0,1600.0
kasavanhalli,2.0,90.0,2.0,1585.0
kasavanhalli,2.0,80.0,2.0,1245.0
kasavanhalli,3.0,110.0,3.0,1747.0
kasavanhalli,2.0,80.0,2.0,1377.0
kasavanhalli,2.0,61.0,2.0,1181.0
kasavanhalli,2.0,75.0,2.0,1121.0
kasturi nagar,3.0,125.0,3.0,1925.0
kasturi nagar,2.0,92.0,2.0,1567.0
kasturi nagar,3.0,88.5,3.0,1565.0
kasturi nagar,2.0,65.0,2.0,1101.0
kasturi nagar,3.0,125.0,4.0,1896.0
kasturi nagar,2.0,58.0,2.0,1000.0
kasturi nagar,2.0,66.0,2.0,1101.0
kasturi nagar,4.0,155.0,4.0,2507.0
kathriguppe,2.0,77.0,3.0,1400.0
kathriguppe,2.0,68.75,3.0,1250.0
kathriguppe,2.0,68.48,3.0,1245.0
kathriguppe,2.0,80.99,3.0,1350.0
kathriguppe,2.0,75.08,3.0,1365.0
kathriguppe,3.0,77.99,3.0,1300.0
kathriguppe,2.0,80.99,3.0,1350.0
kathriguppe,2.0,76.45,3.0,1390.0
kathriguppe,3.0,78.3,3.0,1350.0
kathriguppe,2.0,68.75,3.0,1250.0
kathriguppe,3.0,77.99,3.0,1300.0
kathriguppe,2.0,73.43,3.0,1335.0
kathriguppe,3.0,77.99,3.0,1300.0
kathriguppe,3.0,77.99,3.0,1300.0
kathriguppe,2.0,73.43,3.0,1335.0
kathriguppe,3.0,80.99,3.0,1350.0
kathriguppe,2.0,68.75,2.0,1250.0
kathriguppe,3.0,80.99,3.0,1350.0
kattigenahalli,7.0,125.0,7.0,2800.0
kattigenahalli,2.0,47.0,2.0,1062.0
kattigenahalli,1.0,70.0,2.0,1200.0
kaval byrasandra,1.0,22.0,2.0,460.0
kaval byrasandra,2.0,52.0,2.0,1200.0
kaval byrasandra,2.0,52.0,2.0,1020.0
kaval byrasandra,2.0,49.5,2.0,1200.0
kaval byrasandra,2.0,50.0,2.0,945.0
kaval byrasandra,2.0,45.0,2.0,1060.0
kaval byrasandra,2.0,46.0,2.0,1100.0
kaval byrasandra,2.0,49.0,2.0,1185.0
kaval byrasandra,2.0,53.0,2.0,997.0
kaval byrasandra,2.0,42.0,2.0,1060.0
kaval byrasandra,1.0,25.0,1.0,480.0
kaval byrasandra,2.0,60.0,2.0,1180.0
kaval byrasandra,3.0,75.0,3.0,1450.0
kaval byrasandra,2.0,55.0,2.0,1066.0
kaval byrasandra,3.0,75.0,3.0,1400.0
kaverappa layout,2.0,68.0,2.0,1269.72
kaverappa layout,2.0,70.0,2.0,1265.0
kaverappa layout,2.0,59.0,2.0,1012.0
kaverappa layout,2.0,68.0,2.0,1250.0
kaverappa layout,3.0,85.0,3.0,1540.0
kenchenahalli,2.0,58.0,2.0,1015.0
kenchenahalli,2.0,58.0,2.0,1150.0
kenchenahalli,2.0,69.0,3.0,1280.0
kenchenahalli,2.0,73.0,3.0,1410.0
kenchenahalli,1.0,45.0,2.0,870.0
kenchenahalli,2.0,60.0,2.0,1150.0
kenchenahalli,1.0,35.0,1.0,700.0
kenchenahalli,2.0,52.0,2.0,1060.0
kenchenahalli,2.0,57.0,2.0,1150.0
kenchenahalli,3.0,100.0,3.0,1720.0
kengeri,2.0,64.0,3.0,1540.0
kengeri,1.0,18.5,1.0,370.923994
kengeri,2.0,38.0,2.0,750.0
kengeri,2.0,40.61,2.0,1160.0
kengeri,2.0,50.0,2.0,1197.0
kengeri,2.0,58.0,2.0,1200.0
kengeri,2.0,31.0,2.0,726.0
kengeri,3.0,48.0,3.0,1250.0
kengeri,2.0,40.6,3.0,1160.0
kengeri,2.0,49.0,3.0,1082.0
kengeri,2.0,40.6,2.0,1155.0
kengeri,2.0,50.0,2.0,1255.0
kengeri,2.0,36.0,2.0,750.0
kengeri,2.0,40.0,2.0,963.0
kengeri,2.0,37.0,2.0,927.0
kengeri,2.0,35.0,2.0,726.0
kengeri,1.0,19.5,1.0,416.0
kengeri,2.0,45.0,2.0,900.0
kengeri,2.0,31.0,2.0,787.0
kengeri,1.0,25.0,1.0,502.0
kengeri,2.0,30.0,2.0,725.0
kengeri,1.0,22.5,1.0,540.0
kengeri,2.0,35.5,2.0,750.0
kengeri,3.0,80.0,3.0,1741.0
kengeri,2.0,55.0,3.0,1436.0
kengeri,2.0,58.0,2.0,1200.0
kengeri,2.0,45.0,2.0,1230.0
kengeri,2.0,52.0,3.0,1230.0
kengeri,2.0,36.5,2.0,750.0
kengeri,1.0,18.0,1.0,416.0
kengeri,2.0,43.57,3.0,1245.0
kengeri,2.0,51.0,2.0,1052.0
kengeri,2.0,63.0,2.0,1220.0
kengeri,1.0,52.0,1.0,1150.0
kengeri,2.0,53.5,2.0,1192.0
kengeri,2.0,42.0,2.0,1200.0
kengeri,2.0,51.5,2.0,1035.0
kengeri,5.0,130.0,8.0,3000.0
kengeri,1.0,15.0,1.0,410.0
kengeri,1.0,17.19,1.0,416.0
kengeri,2.0,50.0,2.0,1320.0
kengeri,2.0,40.6,2.0,1160.0
kengeri,4.0,100.0,5.0,2500.0
kengeri satellite town,2.0,35.0,2.0,890.0
kengeri satellite town,2.0,45.0,2.0,883.0
kengeri satellite town,2.0,66.0,3.0,1415.0
kengeri satellite town,2.0,78.0,3.0,1635.0
kengeri satellite town,2.0,43.0,2.0,1050.0
kengeri satellite town,2.0,42.0,2.0,1007.0
kengeri satellite town,1.0,22.0,2.0,635.0
kengeri satellite town,2.0,50.0,2.0,1030.0
kengeri satellite town,2.0,32.0,2.0,795.0
kengeri satellite town,2.0,44.285,2.0,1302.5
kengeri satellite town,2.0,40.0,2.0,800.0
kengeri satellite town,1.0,22.0,1.0,654.0
kengeri satellite town,2.0,42.0,2.0,1060.0
kengeri satellite town,2.0,33.0,2.0,750.0
kengeri satellite town,2.0,39.0,2.0,920.0
kengeri satellite town,2.0,42.0,2.0,985.0
kengeri satellite town,1.0,15.0,1.0,410.0
kengeri satellite town,2.0,49.0,2.0,1120.0
kengeri satellite town,2.0,50.0,3.0,1450.0
kengeri satellite town,2.0,43.0,2.0,1110.0
kengeri satellite town,2.0,50.0,2.0,1170.0
kengeri satellite town,2.0,32.0,2.0,800.0
kereguddadahalli,2.0,32.0,2.0,950.0
kereguddadahalli,2.0,48.0,3.0,1400.0
kereguddadahalli,2.0,28.0,2.0,800.0
kereguddadahalli,2.0,30.0,2.0,904.0
kereguddadahalli,2.0,39.0,3.0,1300.0
kereguddadahalli,2.0,30.0,2.0,1000.0
kereguddadahalli,3.0,41.0,3.0,1240.0
kereguddadahalli,1.0,19.5,1.0,600.0
kereguddadahalli,2.0,32.0,2.0,1080.0
kereguddadahalli,2.0,34.0,2.0,1000.0
kereguddadahalli,2.0,42.0,3.0,1400.0
kereguddadahalli,3.0,42.0,3.0,1280.0
kereguddadahalli,2.0,35.0,2.0,1015.0
keshava nagar,2.0,125.0,2.0,1517.0
keshava nagar,3.0,160.0,3.0,1839.0
kodbisanhalli,2.0,59.0,2.0,1012.0
kodbisanhalli,2.0,59.0,2.0,1012.0
kodbisanhalli,3.0,75.0,3.0,1480.0
kodbisanhalli,3.0,70.0,3.0,1430.0
kodbisanhalli,1.0,60.0,2.0,1245.0
kodbisanhalli,2.0,62.0,2.0,1012.0
kodichikkanahalli,2.0,57.0,3.0,1190.0
kodichikkanahalli,2.0,41.0,2.0,995.0
kodichikkanahalli,7.0,125.0,5.0,2700.0
kodichikkanahalli,2.0,75.0,3.0,1495.0
kodichikkanahalli,2.0,52.0,2.0,1125.0
kodichikkanahalli,2.0,48.0,2.0,1150.0
kodichikkanahalli,2.0,43.0,2.0,1070.0
kodichikkanahalli,2.0,85.0,3.0,1620.0
kodichikkanahalli,2.0,65.0,3.0,1560.0
kodichikkanahalli,2.0,45.0,2.0,1026.0
kodichikkanahalli,7.0,125.0,5.0,2500.0
kodichikkanahalli,1.0,18.0,1.0,450.0
kodichikkanahalli,2.0,38.5,2.0,907.0
kodichikkanahalli,2.0,57.0,2.0,1181.0
kodichikkanahalli,2.0,42.0,2.0,900.0
kodichikkanahalli,2.0,53.0,3.0,1310.0
kodichikkanahalli,3.0,66.0,3.0,1400.0
kodichikkanahalli,2.0,50.0,2.0,976.0
kodichikkanahalli,4.0,125.0,5.0,2700.0
kodichikkanahalli,2.0,58.0,2.0,1299.0
kodigehaali,2.0,55.0,2.0,1166.0
kodigehaali,3.0,65.0,3.0,1320.0
kodigehaali,2.0,56.0,2.0,1117.0
kodigehaali,2.0,55.0,2.0,1200.0
kodigehaali,2.0,60.0,2.0,1200.0
kodigehaali,2.0,51.0,2.0,1013.0
kodigehaali,3.0,65.0,3.0,1324.0
kodigehaali,2.0,38.0,2.0,965.0
kodigehaali,3.0,80.0,3.0,1442.0
kodigehalli,1.0,53.0,1.0,655.0
kodigehalli,3.0,150.0,3.0,1820.0
kodigehalli,1.0,55.0,2.0,500.0
kodihalli,5.0,335.0,4.0,3252.0
kodihalli,4.0,270.0,3.0,2700.0
kodihalli,4.0,260.0,3.0,2392.0
kodihalli,4.0,260.0,3.0,2408.0
kodihalli,4.0,260.0,3.0,2500.0
kodihalli,5.0,335.0,4.0,3197.0
kodihalli,2.0,150.0,2.0,1490.0
kogilu,3.0,88.0,3.0,1909.0
kogilu,2.0,73.95,3.0,1664.0
kogilu,2.0,51.99,2.0,1170.0
kogilu,2.0,28.0,2.0,650.0
kogilu,2.0,50.66,2.0,1140.0
kogilu,2.0,53.33,2.0,1200.0
kogilu,2.0,50.66,2.0,1190.0
kogilu,2.0,50.66,2.0,1140.0
kogilu,1.0,30.84,1.0,700.0
kogilu,2.0,55.55,2.0,1250.0
kogilu,2.0,53.33,2.0,1200.0
kogilu,2.0,49.0,2.0,952.0
kogilu,1.0,30.84,1.0,700.0
kogilu,2.0,55.55,2.0,1250.0
kogilu,2.0,50.66,2.0,1140.0
kogilu,2.0,50.66,2.0,1140.0
konanakunte,3.0,223.0,3.0,2791.0
konanakunte,2.0,180.0,3.0,2400.0
konanakunte,6.0,375.0,4.0,3746.0
konanakunte,6.0,150.0,9.0,1590.0
koramangala,2.0,102.0,2.0,1253.0
koramangala,3.0,160.0,3.0,1580.0
koramangala,5.0,425.0,4.0,3500.0
koramangala,1.0,110.0,2.0,1005.0
koramangala,4.0,275.0,3.0,2292.0
koramangala,2.0,155.0,3.0,1835.0
koramangala,2.0,100.0,2.0,1290.0
koramangala,2.0,110.0,2.0,1300.0
koramangala,3.0,180.0,3.0,2200.0
koramangala,2.0,119.0,2.0,1325.0
koramangala,2.0,100.0,2.0,1260.0
koramangala,3.0,210.0,3.0,1975.0
koramangala,2.0,200.0,2.0,1900.0
koramangala,3.0,125.0,3.0,1594.0
koramangala,3.0,150.0,3.0,1900.0
koramangala,2.0,150.0,2.0,1320.0
koramangala,2.0,110.0,2.0,1320.0
koramangala,3.0,135.0,3.0,1500.0
koramangala,2.0,100.0,2.0,1083.0
koramangala,3.0,200.0,3.0,1744.0
koramangala,2.0,128.0,2.0,1180.0
koramangala,2.0,160.0,2.0,1320.0
koramangala,2.0,125.0,2.0,1370.0
koramangala,2.0,85.0,2.0,1100.0
koramangala,2.0,100.0,2.0,1200.0
koramangala,4.0,210.0,3.0,1744.0
koramangala,2.0,160.0,2.0,1320.0
koramangala,2.0,103.0,2.0,1350.0
koramangala,4.0,625.0,4.0,6000.0
koramangala,2.0,160.0,2.0,1320.0
koramangala,3.0,170.0,3.0,1600.0
koramangala,2.0,100.0,2.0,1260.0
koramangala,4.0,150.0,3.0,1910.0
koramangala,2.0,140.0,3.0,1600.0
kothannur,2.0,48.23,2.0,1206.0
kothannur,2.0,43.85,3.0,1275.0
kothannur,2.0,40.0,2.0,1100.0
kothannur,2.0,47.88,2.0,1197.0
kothannur,2.0,47.8,2.0,1197.0
kothannur,2.0,42.79,2.0,1070.0
kothannur,3.0,45.0,3.0,1270.0
kothannur,3.0,44.0,3.0,1275.0
kothannur,2.0,38.6,2.0,1070.0
kothannur,2.0,59.4,3.0,1485.0
kothannur,2.0,48.6,3.0,1215.0
kothannur,2.0,56.15,3.0,1404.0
kothanur,2.0,58.0,2.0,1186.0
kothanur,3.0,105.0,3.0,1847.0
kothanur,3.0,76.0,3.0,1580.0
kothanur,5.0,550.0,5.0,9600.0
kothanur,3.0,70.0,3.0,1435.0
kothanur,2.0,58.0,2.0,1187.0
kothanur,3.0,110.0,3.0,1847.0
kothanur,3.0,71.0,3.0,1460.0
kothanur,2.0,59.0,2.0,1185.0
kothanur,3.0,70.0,3.0,1436.0
kothanur,3.0,71.0,3.0,1462.0
kothanur,3.0,105.0,3.0,1790.0
kothanur,3.0,76.1,3.0,1583.0
kothanur,2.0,56.0,2.0,1145.0
kothanur,2.0,69.0,2.0,1455.0
kothanur,1.0,30.0,1.0,627.0
kothanur,2.0,68.5,2.0,1302.0
kothanur,2.0,58.0,2.0,1185.0
kothanur,1.0,75.0,1.0,1500.0
kothanur,2.0,53.0,2.0,1075.0
kothanur,3.0,97.0,3.0,1790.0
kothanur,2.0,106.0,3.0,1786.0
kothanur,3.0,107.0,3.0,1787.0
kothanur,2.0,54.0,2.0,1141.0
kothanur,3.0,66.0,3.0,1365.0
kothanur,2.0,57.0,2.0,1160.0
kothanur,2.0,55.0,2.0,1095.0
kothanur,2.0,56.0,2.0,1142.0
kothanur,2.0,54.0,2.0,1074.0
kothanur,2.0,60.0,2.0,1285.0
kothanur,2.0,53.0,2.0,1075.0
kothanur,2.0,56.0,2.0,1140.0
kothanur,2.0,70.0,2.0,1400.0
kothanur,3.0,76.0,3.0,1581.0
kothanur,3.0,67.0,3.0,1385.0
kothanur,2.0,56.0,2.0,1140.0
kothanur,2.0,59.0,2.0,1185.0
kothanur,3.0,76.0,3.0,1581.0
kothanur,3.0,105.0,3.0,1790.0
kothanur,2.0,55.0,2.0,1130.0
kothanur,2.0,54.0,2.0,1094.0
kothanur,2.0,65.0,2.0,1400.0
kothanur,2.0,59.0,2.0,1195.0
kothanur,3.0,71.5,3.0,1454.0
kr puram,2.0,56.8,2.0,1277.5
kr puram,2.0,39.0,2.0,930.0
kr puram,2.0,42.74,2.0,1155.0
kr puram,2.0,46.55,2.0,1225.0
kr puram,2.0,47.0,2.0,1100.0
kr puram,2.0,71.0,2.0,1200.0
kr puram,2.0,25.0,2.0,750.0
kr puram,3.0,47.405,3.0,1128.76
kr puram,2.0,43.0,2.0,1015.0
kr puram,2.0,86.0,2.0,1470.0
kr puram,1.0,28.0,1.0,714.0
kr puram,2.0,51.0,2.0,1142.0
kr puram,2.0,48.0,2.0,1021.0
kr puram,3.0,69.315,3.0,1559.0
kr puram,2.0,40.5,2.0,1035.0
kr puram,2.0,71.0,2.0,1550.0
kr puram,2.0,51.22,2.0,1192.5
kr puram,2.0,46.0,2.0,1100.0
kr puram,2.0,49.02,2.0,1290.0
kr puram,2.0,43.0,2.0,1100.0
kr puram,2.0,40.0,2.0,950.0
kr puram,2.0,60.0,2.0,1000.0
kr puram,3.0,60.0,3.0,1452.0
kr puram,2.0,40.0,2.0,750.0
kr puram,6.0,85.0,6.0,2000.0
kr puram,2.0,44.5,2.0,1000.0
kr puram,2.0,47.0,2.0,1200.0
kr puram,1.0,65.0,2.0,1200.0
kr puram,2.0,43.32,2.0,1140.0
kr puram,6.0,175.0,6.0,4300.0
kr puram,2.0,42.0,2.0,1200.0
kr puram,2.0,61.0,3.0,1430.0
kr puram,2.0,50.0,2.0,1040.0
kr puram,2.0,42.0,2.0,1150.0
kr puram,9.0,200.0,9.0,4600.0
kr puram,2.0,55.0,2.0,1050.0
kr puram,2.0,46.5,2.0,1085.0
kr puram,3.0,105.0,3.0,1700.0
kr puram,2.0,72.0,2.0,1200.0
kr puram,2.0,75.0,2.0,2000.0
kr puram,2.0,45.0,2.0,1100.0
kr puram,2.0,40.0,2.0,1035.0
kr puram,2.0,45.0,2.0,1116.0
kr puram,2.0,69.0,2.0,1290.0
kr puram,2.0,57.0,3.0,1300.0
kr puram,2.0,36.38,2.0,866.28
kr puram,2.0,43.0,2.0,1096.0
kr puram,2.0,58.0,2.0,1204.0
kr puram,2.0,45.79,2.0,1205.0
kr puram,3.0,97.0,3.0,1827.0
kr puram,2.0,60.0,3.0,1400.0
kr puram,2.0,39.9,2.0,1100.0
kr puram,6.0,110.0,7.0,2800.0
kr puram,2.0,39.0,2.0,1020.0
kr puram,2.0,60.0,2.0,1245.0
kudlu,2.0,53.5,2.0,1152.0
kudlu,2.0,43.0,2.0,1027.0
kudlu,2.0,43.0,2.0,1027.0
kudlu,2.0,55.0,2.0,1143.0
kudlu,2.0,60.0,3.0,1455.0
kudlu,2.0,44.0,2.0,1024.0
kudlu,2.0,65.94,3.0,1570.0
kudlu,2.0,50.0,2.0,1076.0
kudlu,2.0,44.0,2.0,1027.0
kudlu,2.0,56.0,2.0,1300.0
kudlu,2.0,44.0,2.0,1027.0
kudlu,2.0,44.0,2.0,1027.0
kudlu,2.0,46.0,2.0,1110.0
kudlu,2.0,44.0,2.0,1027.0
kudlu,1.0,33.0,1.0,720.0
kudlu,2.0,44.0,2.0,1027.0
kudlu,2.0,52.0,2.0,1162.0
kudlu gate,3.0,83.0,3.0,1535.0
kudlu gate,3.0,85.0,3.0,1535.0
kudlu gate,3.0,78.0,3.0,1535.0
kudlu gate,3.0,86.0,3.0,1535.0
kudlu gate,2.0,92.0,3.0,1564.0
kudlu gate,2.0,55.0,2.0,1238.0
kudlu gate,3.0,86.0,3.0,1535.0
kudlu gate,3.0,83.0,3.0,1532.0
kudlu gate,2.0,50.0,2.0,1113.0
kudlu gate,2.0,50.0,2.0,1185.0
kudlu gate,3.0,68.0,3.0,1664.0
kudlu gate,3.0,80.0,3.0,1656.0
kudlu gate,3.0,75.0,3.0,1656.0
kudlu gate,2.0,38.25,2.0,812.0
kudlu gate,3.0,121.0,3.0,1919.0
kudlu gate,3.0,85.0,3.0,1535.0
kudlu gate,6.0,205.0,4.0,3850.0
kudlu gate,3.0,110.0,3.0,1850.0
kudlu gate,2.0,61.11,3.0,1432.0
kudlu gate,2.0,53.0,2.0,1310.0
kumara park,4.0,350.0,3.0,2200.0
kumara park,2.0,250.0,2.0,1150.0
kumaraswami layout,4.0,139.0,4.0,2000.0
kumaraswami layout,4.0,128.0,5.0,1270.0
kumaraswami layout,2.0,58.0,2.0,1000.0
kumaraswami layout,1.0,90.0,2.0,800.0
kumaraswami layout,1.0,78.0,1.0,850.0
kumaraswami layout,2.0,85.0,3.0,1310.0
kumaraswami layout,4.0,123.0,7.0,2040.0
kumaraswami layout,3.0,75.0,3.0,1200.0
kumaraswami layout,2.0,60.0,2.0,1081.0
kundalahalli,3.0,125.0,3.0,1724.0
kundalahalli,2.0,57.99,2.0,735.0
kundalahalli,2.0,82.0,2.0,1047.0
kundalahalli,3.0,105.0,3.0,1397.0
kundalahalli,3.0,127.0,3.0,1724.0
kundalahalli,3.0,110.0,3.0,1397.0
kundalahalli,3.0,104.0,3.0,1397.0
kundalahalli,3.0,108.0,3.0,1397.0
kundalahalli,3.0,150.0,3.0,1920.0
kundalahalli,3.0,105.0,3.0,1397.0
kundalahalli,3.0,124.0,3.0,1724.0
kundalahalli,2.0,84.0,2.0,1047.0
kundalahalli,2.0,83.0,2.0,1047.0
kundalahalli,4.0,550.0,4.0,7000.0
kundalahalli,2.0,82.62,2.0,1047.0
kundalahalli,3.0,146.0,3.0,1724.0
kundalahalli,3.0,125.0,3.0,1724.0
kundalahalli,2.0,89.0,2.0,1047.0
kundalahalli,3.0,105.0,3.0,1397.0
kundalahalli,3.0,110.0,3.0,1800.0
kundalahalli,2.0,72.0,2.0,1047.0
kundalahalli,4.0,230.0,4.0,3092.0
kundalahalli,2.0,70.0,2.0,1065.0
kundalahalli,3.0,146.0,3.0,1724.0
kundalahalli,3.0,128.0,3.0,1724.0
kundalahalli,3.0,150.0,3.0,2100.0
kundalahalli,3.0,125.0,3.0,1724.0
kundalahalli,3.0,140.0,3.0,1724.0
kundalahalli colony,2.0,69.0,2.0,1280.0
kundalahalli colony,2.0,90.0,2.0,1505.0
kundalahalli colony,3.0,140.0,3.0,2600.0
kundalahalli colony,3.0,95.0,3.0,1800.0
laggere,2.0,75.0,2.0,1200.0
laggere,2.0,48.0,1.0,620.0
laggere,8.0,110.0,8.0,1800.0
laggere,9.0,132.0,7.0,1590.0
lakshminarayana pura,2.0,75.0,2.0,1185.0
lakshminarayana pura,2.0,108.0,3.0,1600.0
lakshminarayana pura,2.0,75.0,2.0,1180.0
lakshminarayana pura,2.0,75.0,2.0,1179.0
lakshminarayana pura,2.0,75.0,2.0,1149.0
lakshminarayana pura,2.0,75.0,2.0,1175.0
lakshminarayana pura,2.0,75.0,2.0,1190.0
lakshminarayana pura,2.0,75.0,2.0,1200.0
lakshminarayana pura,2.0,75.0,2.0,1200.0
lakshminarayana pura,2.0,75.0,2.0,1165.0
lakshminarayana pura,2.0,75.0,2.0,1145.0
lakshminarayana pura,2.0,75.0,2.0,1169.0
lakshminarayana pura,2.0,75.0,2.0,1200.0
lakshminarayana pura,2.0,75.0,2.0,1172.0
lakshminarayana pura,2.0,75.0,2.0,1172.0
lakshminarayana pura,2.0,75.0,2.0,1180.0
lakshminarayana pura,2.0,80.0,2.0,1200.0
lakshminarayana pura,2.0,75.0,2.0,1195.0
lakshminarayana pura,2.0,80.0,2.0,1200.0
lb shastri nagar,2.0,55.0,2.0,1043.0
lb shastri nagar,1.0,32.0,1.0,665.0
lb shastri nagar,2.0,80.0,3.0,1400.0
lb shastri nagar,2.0,62.0,2.0,1184.0
lb shastri nagar,2.0,49.5,2.0,1000.0
lingadheeranahalli,3.0,95.0,3.0,1521.0
lingadheeranahalli,3.0,95.0,3.0,1511.0
lingadheeranahalli,3.0,109.0,3.0,1683.0
lingadheeranahalli,3.0,94.99,3.0,1521.0
lingadheeranahalli,3.0,94.71,3.0,1521.0
lingadheeranahalli,3.0,130.0,3.0,1893.0
lingadheeranahalli,3.0,110.0,3.0,1705.0
lingadheeranahalli,4.0,154.0,4.0,2245.0
lingadheeranahalli,3.0,113.0,3.0,1682.0
lingadheeranahalli,3.0,114.0,3.0,1682.0
lingadheeranahalli,3.0,95.0,3.0,1506.0
lingadheeranahalli,3.0,110.0,3.0,1683.0
lingadheeranahalli,4.0,153.0,4.0,2236.0
lingarajapuram,7.0,63.0,6.0,600.0
lingarajapuram,4.0,37.0,4.0,360.0
madiwala,3.0,39.0,3.0,1250.0
madiwala,3.0,43.0,3.0,1250.0
madiwala,3.0,39.5,3.0,1250.0
madiwala,2.0,45.0,2.0,1165.0
magadi road,2.0,50.0,2.0,1116.0
magadi road,2.0,41.1,2.0,884.0
magadi road,2.0,55.78,2.0,1005.0
magadi road,2.0,46.5,2.0,1000.0
magadi road,2.0,93.0,4.0,1500.0
magadi road,2.0,58.82,3.0,1322.0
magadi road,2.0,55.38,3.0,1191.0
magadi road,2.0,51.89,2.0,1116.0
magadi road,2.0,60.0,3.0,1052.0
magadi road,2.0,50.0,2.0,940.0
magadi road,2.0,68.0,3.0,1318.0
magadi road,2.0,55.195,3.0,1187.0
magadi road,2.0,48.0,2.0,884.0
mahadevpura,3.0,78.0,3.0,1720.0
mahadevpura,2.0,52.0,2.0,1150.0
mahadevpura,2.0,57.6,2.0,1260.0
mahadevpura,1.0,35.0,1.0,730.0
mahadevpura,2.0,67.39,3.0,1434.0
mahadevpura,2.0,53.8,2.0,1146.0
mahadevpura,2.0,76.0,3.0,1620.0
mahadevpura,2.0,65.8,3.0,1400.0
mahadevpura,2.0,53.4,2.0,1137.0
mahadevpura,2.0,54.0,2.0,1152.0
mahadevpura,2.0,56.9,2.0,1212.0
mahadevpura,2.0,70.0,3.0,1500.0
mahadevpura,2.0,58.0,2.0,1236.0
mahadevpura,2.0,58.0,2.0,1236.0
mahadevpura,2.0,53.0,2.0,1120.0
mahalakshmi layout,5.0,158.0,4.0,1575.0
mahalakshmi layout,3.0,160.0,4.0,1200.0
mahalakshmi layout,2.0,110.0,3.0,1200.0
mahalakshmi puram,4.0,85.0,4.0,750.0
mahalakshmi puram,5.0,233.0,4.0,1500.0
mallasandra,3.0,95.0,3.0,1665.0
mallasandra,3.0,86.58,3.0,1665.0
mallasandra,2.0,61.0,2.0,1340.0
mallasandra,2.0,70.0,2.0,1325.0
mallasandra,3.0,86.91,3.0,1665.0
mallasandra,2.0,70.0,2.0,1325.0
mallasandra,2.0,40.0,2.0,905.0
mallasandra,2.0,65.0,2.0,1325.0
mallasandra,2.0,73.0,2.0,1325.0
mallasandra,2.0,69.0,2.0,1565.0
mallasandra,2.0,72.0,3.0,1524.0
malleshpalya,2.0,46.5,2.0,1140.0
malleshpalya,2.0,46.86,2.0,1225.0
malleshpalya,3.0,75.0,3.0,1785.0
malleshpalya,2.0,50.0,2.0,1052.0
malleshpalya,2.0,50.0,2.0,1065.0
malleshpalya,2.0,55.0,2.0,1210.0
malleshpalya,2.0,40.0,2.0,1060.0
malleshpalya,2.0,69.5,3.0,1430.0
malleshpalya,2.0,55.0,2.0,1245.0
malleshpalya,2.0,46.0,2.0,1200.0
malleshpalya,2.0,52.0,2.0,1225.0
malleshwaram,5.0,325.0,4.0,2500.0
malleshwaram,4.0,332.0,3.0,2475.0
malleshwaram,4.0,320.0,3.0,2475.0
malleshwaram,2.0,95.0,2.0,900.0
malleshwaram,2.0,158.0,2.0,1420.0
malleshwaram,3.0,250.0,3.0,2000.0
malleshwaram,3.0,275.0,3.0,2215.0
malleshwaram,3.0,160.0,3.0,1600.0
malleshwaram,4.0,300.0,3.0,2475.0
malleshwaram,4.0,310.0,3.0,2215.0
malleshwaram,1.0,60.0,1.0,480.0
malleshwaram,4.0,326.0,3.0,2475.0
malleshwaram,3.0,337.0,3.0,2476.0
malleshwaram,2.0,90.0,2.0,900.0
malleshwaram,4.0,270.0,3.0,2050.0
malleshwaram,1.0,86.8,1.0,620.0
malleshwaram,1.0,68.0,2.0,600.0
malleshwaram,4.0,337.0,3.0,2475.0
malleshwaram,3.0,275.0,3.0,2215.0
malleshwaram,3.0,275.0,3.0,2200.0
malleshwaram,4.0,326.0,3.0,2475.0
malleshwaram,4.0,340.0,3.0,2475.0
malleshwaram,2.0,190.0,2.0,1400.0
malleshwaram,4.0,300.0,3.0,2475.0
malleshwaram,4.0,306.0,4.0,2610.0
manayata tech park,2.0,48.0,2.0,1100.0
manayata tech park,2.0,46.0,2.0,1100.0
manayata tech park,2.0,45.0,2.0,1050.0
maragondanahalli,3.0,70.25,3.0,1508.0
maragondanahalli,2.0,57.0,2.0,1095.0
marathahalli,3.0,63.25,3.0,1310.0
marathahalli,2.0,60.0,2.0,1200.0
marathahalli,2.0,46.96,2.0,950.0
marathahalli,2.0,80.0,2.0,1230.0
marathahalli,2.0,49.85,2.0,1019.0
marathahalli,2.0,67.0,2.0,1215.0
marathahalli,2.0,49.86,2.0,1019.0
marathahalli,2.0,71.55,2.0,1325.0
marathahalli,3.0,78.0,3.0,1575.0
marathahalli,2.0,56.0,2.0,1152.0
marathahalli,3.0,90.0,3.0,1610.0
marathahalli,2.0,70.0,2.0,1146.0
marathahalli,5.0,212.0,4.0,4000.0
marathahalli,3.0,89.0,3.0,1469.0
marathahalli,3.0,74.5,3.0,1530.0
marathahalli,3.0,98.0,3.0,1840.0
marathahalli,4.0,220.0,4.0,3951.0
marathahalli,2.0,66.65,3.0,1385.0
marathahalli,2.0,46.9,2.0,957.0
marathahalli,3.0,72.0,3.0,1350.0
marathahalli,5.0,212.0,4.0,4000.0
marathahalli,2.0,52.25,2.0,1071.0
marathahalli,2.0,58.86,2.0,1215.0
marathahalli,2.0,53.67,2.0,1102.0
marathahalli,3.0,123.0,3.0,1900.0
marathahalli,2.0,60.0,2.0,1045.0
marathahalli,2.0,69.0,3.0,1305.0
marathahalli,2.0,58.86,2.0,1215.0
marathahalli,2.0,73.0,2.0,1365.0
marathahalli,4.0,205.0,4.0,3800.0
marathahalli,4.0,220.0,4.0,3895.0
marathahalli,3.0,94.0,3.0,1785.0
marathahalli,4.0,220.0,4.0,4000.0
marathahalli,2.0,70.0,2.0,1208.0
marathahalli,3.0,90.0,3.0,1525.0
marathahalli,3.0,83.0,3.0,1550.0
marathahalli,2.0,86.0,2.0,1350.0
marathahalli,2.0,47.0,2.0,957.0
marathahalli,4.0,220.0,4.0,4000.0
marathahalli,2.0,58.0,2.0,1200.0
marathahalli,3.0,86.45,3.0,1650.0
marathahalli,1.0,35.0,1.0,607.0
marathahalli,2.0,52.43,2.0,1075.0
marathahalli,2.0,58.5,2.0,1220.0
marathahalli,2.0,45.68,2.0,950.0
marathahalli,3.0,90.0,3.0,1595.0
marathahalli,2.0,57.0,2.0,1020.0
marathahalli,3.0,88.0,2.0,1600.0
marathahalli,3.0,100.0,3.0,1710.0
marathahalli,3.0,73.5,3.0,1530.0
marathahalli,2.0,81.0,2.0,1358.0
marathahalli,2.0,75.0,2.0,1205.0
marathahalli,3.0,110.0,3.0,1730.0
marathahalli,2.0,67.0,2.0,1200.0
marathahalli,2.0,60.0,2.0,1095.0
marathahalli,2.0,65.0,2.0,1050.0
marathahalli,2.0,53.67,2.0,1102.0
marathahalli,2.0,49.95,2.0,1026.0
marathahalli,4.0,220.0,4.0,3940.0
marathahalli,3.0,73.0,3.0,1435.0
marathahalli,2.0,59.0,2.0,1220.0
marathahalli,2.0,48.06,2.0,881.0
marathahalli,2.0,58.0,3.0,1130.0
marathahalli,3.0,100.0,3.0,1710.0
marathahalli,3.0,105.0,3.0,1680.0
marathahalli,3.0,119.0,3.0,1910.0
marathahalli,2.0,104.0,2.0,1602.0
marathahalli,1.0,38.0,1.0,700.0
marathahalli,3.0,89.0,3.0,1469.0
marathahalli,2.0,68.5,3.0,1385.0
marathahalli,2.0,55.0,2.0,1065.0
marathahalli,2.0,57.9,2.0,1196.0
marathahalli,3.0,88.0,3.0,1595.0
marathahalli,3.0,125.0,3.0,2122.0
marathahalli,4.0,200.0,4.0,4000.0
marathahalli,2.0,58.17,3.0,1200.0
marathahalli,2.0,55.0,2.0,1125.0
marathahalli,3.0,115.0,3.0,1950.0
marathahalli,2.0,68.0,2.0,1250.0
marathahalli,2.0,56.8,2.0,1125.0
marathahalli,2.0,47.0,2.0,957.0
marathahalli,4.0,220.0,4.0,3855.0
marathahalli,3.0,63.22,3.0,1310.0
marathahalli,4.0,235.0,4.0,3800.0
marathahalli,4.0,230.0,4.0,3951.0
marathahalli,2.0,54.8,2.0,1125.0
marathahalli,2.0,73.0,2.0,1270.0
marathahalli,2.0,46.7,2.0,950.0
marathahalli,3.0,85.0,3.0,1550.0
marathahalli,2.0,49.86,2.0,1019.0
marathahalli,2.0,65.0,2.0,1144.0
marathahalli,2.0,60.0,2.0,1135.0
marathahalli,2.0,53.67,2.0,1102.0
marathahalli,2.0,60.0,3.0,1108.0
marathahalli,2.0,50.18,2.0,1026.0
marathahalli,3.0,95.0,3.0,1800.0
marathahalli,3.0,85.0,3.0,1650.0
marathahalli,2.0,80.0,2.0,1270.0
marathahalli,2.0,57.95,2.0,1196.0
marathahalli,3.0,63.25,3.0,1310.0
marathahalli,2.0,90.0,3.0,1485.0
marathahalli,2.0,69.0,2.0,1146.0
margondanahalli,2.0,58.0,2.0,1090.0
margondanahalli,2.0,67.0,2.0,1200.0
margondanahalli,2.0,65.0,3.0,1200.0
margondanahalli,2.0,57.0,2.0,1000.0
margondanahalli,2.0,35.0,2.0,600.0
margondanahalli,2.0,69.0,2.0,1200.0
margondanahalli,2.0,49.0,2.0,900.0
margondanahalli,2.0,60.0,2.0,1140.0
margondanahalli,2.0,55.0,2.0,900.0
margondanahalli,2.0,55.0,2.0,1100.0
margondanahalli,2.0,55.0,2.0,900.0
margondanahalli,1.0,66.0,2.0,1152.0
margondanahalli,2.0,65.0,2.0,1200.0
margondanahalli,2.0,58.0,2.0,1050.0
margondanahalli,2.0,65.0,2.0,1160.0
margondanahalli,2.0,67.76,2.0,1334.0
marsur,4.0,66.0,3.0,1000.0
marsur,1.0,25.0,2.0,497.0
marsur,2.0,32.0,3.0,720.0
marsur,1.0,20.0,2.0,497.0
marsur,2.0,29.0,3.0,715.0
marsur,1.0,20.0,2.0,497.0
maruthi sevanagar,7.0,299.0,7.0,5000.0
maruthi sevanagar,4.0,115.0,4.0,1280.0
mathikere,2.0,150.0,3.0,1550.0
mathikere,3.0,120.0,3.0,1590.0
mathikere,3.0,105.0,6.0,1800.0
mathikere,2.0,130.0,2.0,1500.0
medahalli,1.0,41.0,1.0,700.0
medahalli,2.0,38.5,2.0,760.0
meenakunte,4.0,250.0,4.0,4111.0
meenakunte,3.0,250.0,3.0,3900.0
mico layout,2.0,40.0,2.0,1125.0
mico layout,1.0,29.5,1.0,800.0
mico layout,2.0,44.0,3.0,1250.0
mico layout,3.0,59.0,3.0,1670.0
mico layout,2.0,43.0,2.0,1140.0
motappa layout,2.0,51.0,2.0,1113.0
motappa layout,2.0,59.27,3.0,1360.0
ms pallya,3.0,115.0,3.0,1783.0
ms pallya,3.0,78.0,3.0,1100.0
munnekollal,2.0,52.0,2.0,1170.0
munnekollal,2.0,53.67,2.0,1102.0
munnekollal,3.0,68.0,3.0,1390.0
munnekollal,2.0,49.5,2.0,1200.0
munnekollal,2.0,46.5,2.0,950.0
munnekollal,3.0,75.0,3.0,1560.0
munnekollal,2.0,75.0,2.0,1210.0
munnekollal,3.0,86.5,3.0,1750.0
munnekollal,2.0,66.5,3.0,1385.0
munnekollal,2.0,45.0,2.0,1080.0
munnekollal,2.0,59.0,2.0,1170.0
munnekollal,3.0,65.0,3.0,1800.0
munnekollal,2.0,70.0,3.0,1540.0
munnekollal,2.0,57.9,3.0,1200.0
munnekollal,2.0,50.36,2.0,1030.0
murugeshpalya,2.0,81.0,2.0,1296.0
murugeshpalya,3.0,74.0,3.0,1550.0
murugeshpalya,3.0,91.0,3.0,1845.0
murugeshpalya,2.0,65.0,3.0,1600.0
murugeshpalya,2.0,56.0,3.0,1344.0
murugeshpalya,2.0,70.0,3.0,1500.0
murugeshpalya,3.0,96.0,3.0,1855.0
murugeshpalya,2.0,75.0,2.0,1175.0
mysore road,2.0,73.5,2.0,1175.0
mysore road,4.0,91.31,3.0,1710.0
mysore road,2.0,48.95,2.0,1020.0
mysore road,2.0,73.5,2.0,1175.0
mysore road,2.0,62.0,2.0,1060.0
mysore road,2.0,45.47,2.0,980.0
mysore road,2.0,40.0,2.0,883.0
mysore road,3.0,96.0,3.0,1525.0
mysore road,2.0,65.0,2.0,1200.0
mysore road,2.0,64.31,3.0,1340.0
mysore road,3.0,50.5,3.0,1082.0
mysore road,2.0,64.31,3.0,1340.0
mysore road,2.0,40.95,2.0,883.0
mysore road,2.0,49.65,2.0,1070.0
mysore road,3.0,50.0,3.0,1082.0
mysore road,2.0,50.0,2.0,883.0
mysore road,2.0,51.0,2.0,1155.0
mysore road,2.0,73.0,2.0,1237.0
mysore road,2.0,45.0,2.0,883.0
mysore road,2.0,65.0,2.0,1170.0
mysore road,2.0,50.855,2.0,1029.5
mysore road,2.0,43.61,2.0,940.0
mysore road,3.0,74.0,3.0,1500.0
mysore road,2.0,48.95,2.0,1020.0
mysore road,2.0,100.0,3.0,1568.0
mysore road,2.0,64.0,3.0,1410.0
mysore road,2.0,70.5,2.0,1175.0
mysore road,2.0,60.0,3.0,1080.0
mysore road,3.0,70.0,3.0,1500.0
nagadevanahalli,2.0,39.0,2.0,1080.0
nagadevanahalli,2.0,65.0,3.0,1250.0
nagadevanahalli,2.0,135.0,2.0,2400.0
nagadevanahalli,2.0,65.0,3.0,1240.0
nagadevanahalli,2.0,65.0,3.0,1240.0
nagadevanahalli,3.0,85.0,4.0,1050.0
naganathapura,2.0,55.0,2.0,1103.0
naganathapura,2.0,62.0,2.0,1143.0
naganathapura,3.0,80.0,2.0,2260.0
naganathapura,1.0,33.0,1.0,600.0
naganathapura,3.0,68.0,3.0,1451.0
nagappa reddy layout,2.0,50.0,2.0,1209.0
nagappa reddy layout,2.0,65.0,3.0,1495.0
nagappa reddy layout,3.0,79.5,3.0,1820.0
nagappa reddy layout,3.0,60.0,3.0,1350.0
nagarbhavi,2.0,98.0,3.0,1630.0
nagarbhavi,3.0,150.0,3.0,1350.0
nagarbhavi,2.0,150.0,2.0,1200.0
nagarbhavi,3.0,160.0,3.0,2400.0
nagarbhavi,2.0,80.0,3.0,600.0
nagarbhavi,2.0,55.0,2.0,1055.0
nagarbhavi,2.0,60.0,2.0,1223.0
nagarbhavi,2.0,49.0,2.0,956.0
nagarbhavi,2.0,150.0,2.0,1200.0
nagarbhavi,2.0,85.0,3.0,1400.0
nagarbhavi,2.0,79.0,3.0,1515.0
nagarbhavi,1.0,20.0,1.0,300.0
nagarbhavi,2.0,40.0,1.0,710.0
nagarbhavi,3.0,88.0,3.0,1850.0
nagarbhavi,2.0,55.0,2.0,1020.0
nagarbhavi,3.0,90.0,3.0,1850.0
nagarbhavi,2.0,53.0,2.0,1120.0
nagarbhavi,2.0,88.0,3.0,1850.0
nagarbhavi,2.0,89.0,3.0,1850.0
nagarbhavi,2.0,63.0,2.0,1190.0
nagarbhavi,2.0,80.0,2.0,1050.0
nagarbhavi,3.0,95.0,3.0,800.0
nagarbhavi,3.0,180.0,5.0,2500.0
nagarbhavi,3.0,60.0,3.0,1350.0
nagarbhavi,3.0,77.0,4.0,600.0
nagarbhavi,3.0,85.0,3.0,1635.0
nagarbhavi,2.0,135.0,3.0,1400.0
nagarbhavi,2.0,99.0,3.0,2200.0
nagarbhavi,2.0,49.0,2.0,1080.0
nagarbhavi,3.0,180.0,4.0,1800.0
nagarbhavi,4.0,78.0,4.0,600.0
nagarbhavi,2.0,58.0,2.0,1225.0
nagasandra,2.0,48.0,2.0,980.0
nagasandra,2.0,110.0,3.0,1470.0
nagasandra,3.0,95.0,4.0,1310.0
nagasandra,4.0,145.0,4.0,2400.0
nagasandra,3.0,95.0,3.0,1650.0
nagasandra,2.0,91.0,2.0,1500.0
nagavara,3.0,120.0,4.0,2172.65
nagavara,2.0,58.0,3.0,1545.0
nagavara,2.0,40.2,2.0,936.0
nagavara,2.0,44.5,2.0,1125.0
nagavara,2.0,70.0,2.0,1315.0
nagavara,2.0,50.0,2.0,1077.0
nagavara,4.0,125.0,4.0,2496.0
nagavara,2.0,44.95,2.0,1110.0
nagavara,2.0,58.56,2.0,1247.0
nagavarapalya,2.0,99.0,2.0,1392.0
nagavarapalya,1.0,52.5,1.0,705.0
nagavarapalya,1.0,57.0,1.0,705.0
nagavarapalya,1.0,55.0,1.0,705.0
nagavarapalya,1.0,57.0,1.0,705.0
nagavarapalya,2.0,85.5,2.0,1260.0
nagawara junction,4.0,245.0,4.0,3500.0
nagawara junction,4.0,280.0,4.0,3602.0
nallurhalli,2.0,60.0,2.0,1044.0
nallurhalli,2.0,68.0,2.0,1265.0
nallurhalli,2.0,62.0,2.0,1100.0
narayanapura,3.0,85.0,3.0,1485.0
narayanapura,3.0,135.0,3.0,2357.0
narayanapura,3.0,135.0,3.0,2357.0
nayandanahalli,2.0,55.0,2.0,985.0
nayandanahalli,2.0,60.0,2.0,1035.0
neeladri nagar,2.0,45.0,2.0,1053.0
neeladri nagar,1.0,21.0,1.0,674.0
neeladri nagar,2.0,38.0,3.0,1167.0
neeladri nagar,2.0,35.0,2.0,1060.0
neeladri nagar,1.0,20.5,1.0,640.0
neeladri nagar,12.0,160.0,10.0,4000.0
nehru nagar,5.0,120.0,4.0,2363.0
nehru nagar,3.0,115.0,4.0,2342.0
nehru nagar,3.0,72.0,3.0,1374.0
nehru nagar,3.0,90.0,3.0,1674.0
nehru nagar,2.0,63.0,3.0,1269.0
nehru nagar,2.0,50.0,2.0,1100.0
nehru nagar,3.0,81.0,3.0,1674.0
nelamangala,2.0,40.0,2.0,1095.0
nelamangala,2.0,24.0,2.0,820.0
nelamangala,3.0,95.0,4.0,2600.0
nelamangala,2.0,30.0,2.0,820.0
new thippasandra,2.0,120.0,4.0,817.0
new thippasandra,2.0,70.0,2.0,1020.0
ngr layout,2.0,45.9,2.0,1020.0
ngr layout,2.0,49.73,2.0,1105.0
ngr layout,2.0,45.9,2.0,1022.0
ngr layout,2.0,45.9,2.0,1019.0
ngr layout,2.0,46.0,2.0,1020.0
ngr layout,2.0,46.0,2.0,1021.0
ngr layout,2.0,45.9,2.0,1021.0
nri layout,2.0,75.0,3.0,1565.0
nri layout,5.0,130.0,5.0,2500.0
nri layout,2.0,45.56,2.0,1125.0
nri layout,4.0,115.0,4.0,2150.0
nri layout,2.0,75.0,2.0,1250.0
nri layout,3.0,75.0,3.0,1789.0
nri layout,2.0,125.0,2.0,2400.0
off sarjapur road,3.0,89.0,3.0,1798.0
off sarjapur road,3.0,76.0,3.0,1518.0
off sarjapur road,2.0,59.0,2.0,1161.0
off sarjapur road,2.0,65.0,2.0,1298.0
old airport road,4.0,204.0,4.0,2732.0
old airport road,4.0,251.0,4.0,3356.0
old airport road,4.0,207.0,4.0,2774.0
old airport road,4.0,191.0,4.0,2690.0
old airport road,4.0,199.0,4.0,2690.0
old airport road,2.0,90.0,2.0,1150.0
old airport road,4.0,191.0,4.0,2690.0
old airport road,5.0,187.0,4.0,2658.0
old airport road,4.0,208.0,4.0,2774.0
old airport road,4.0,208.0,4.0,2774.0
old airport road,4.0,201.0,4.0,2690.0
old airport road,2.0,75.0,2.0,1145.0
old airport road,4.0,194.0,4.0,2732.0
old airport road,5.0,189.0,4.0,2658.0
old airport road,4.0,197.0,4.0,2774.0
old airport road,4.0,262.0,4.0,3496.0
old airport road,4.0,197.0,4.0,2774.0
old airport road,4.0,204.0,4.0,2732.0
old airport road,4.0,208.0,4.0,2774.0
old airport road,2.0,78.0,2.0,1184.0
old airport road,4.0,262.0,4.0,3504.0
old airport road,2.0,75.0,2.0,1055.0
old madras road,6.0,224.5,4.0,3715.0
old madras road,6.0,195.0,4.0,3630.0
old madras road,6.0,200.5,4.0,3715.0
old madras road,3.0,100.0,3.0,1720.0
old madras road,2.0,72.0,2.0,1200.0
old madras road,2.0,70.0,2.0,1100.0
old madras road,5.0,157.0,3.0,2760.0
old madras road,2.0,75.0,2.0,1171.0
old madras road,5.0,142.0,3.0,2640.0
old madras road,3.0,125.0,4.0,2010.0
old madras road,3.0,115.0,4.0,2010.0
old madras road,2.0,84.0,3.0,1480.0
old madras road,2.0,74.0,2.0,1210.0
old madras road,2.0,72.0,2.0,1171.0
old madras road,6.0,196.0,4.0,3630.0
old madras road,3.0,95.0,3.0,1480.0
old madras road,2.0,74.31,3.0,1425.0
old madras road,5.0,173.0,3.0,2990.0
old madras road,4.0,225.0,4.0,4000.0
old madras road,3.0,142.0,3.0,2300.0
old madras road,6.0,207.0,4.0,3630.0
old madras road,2.0,77.0,2.0,1210.0
old madras road,7.0,287.0,5.0,5020.0
old madras road,6.0,212.5,4.0,3715.0
old madras road,2.0,74.0,2.0,1330.0
old madras road,3.0,106.0,3.0,1720.0
old madras road,5.0,150.0,3.0,2640.0
old madras road,3.0,170.0,3.0,2990.0
old madras road,2.0,73.0,2.0,1171.0
old madras road,2.0,170.0,2.0,2640.0
ombr layout,3.0,185.0,3.0,2420.0
ombr layout,2.0,65.0,2.0,1078.0
ombr layout,2.0,65.5,2.0,1101.0
ombr layout,2.0,65.5,2.0,1041.0
ombr layout,2.0,80.0,2.0,1300.0
ombr layout,2.0,64.0,2.0,1085.0
ombr layout,3.0,145.0,3.0,1855.0
ombr layout,3.0,93.0,3.0,1730.0
ombr layout,2.0,88.5,2.0,1165.0
ombr layout,2.0,66.0,2.0,1101.0
ombr layout,4.0,275.0,4.0,3400.0
other,3.0,56.0,3.0,1250.0
other,2.0,36.0,2.0,869.0
other,2.0,50.0,2.0,1270.0
other,2.0,45.0,2.0,840.0
other,3.0,240.0,3.0,4395.0
other,2.0,105.0,3.0,1660.0
other,2.0,70.0,3.0,1450.0
other,3.0,90.0,3.0,1200.0
other,3.0,120.0,3.0,1800.0
other,4.0,235.0,3.0,2795.0
other,2.0,48.0,3.0,1350.0
other,3.0,175.0,3.0,2000.0
other,2.0,70.0,3.0,1470.0
other,6.0,99.0,6.0,1300.0
other,3.0,100.0,3.0,1500.0
other,2.0,55.7,2.0,1340.0
other,2.0,70.0,3.0,912.0
other,2.0,43.5,2.0,1207.0
other,3.0,100.0,3.0,1580.0
other,3.0,78.0,3.0,1415.0
other,4.0,75.5,4.0,2000.0
other,2.0,55.0,2.0,1110.0
other,2.0,65.0,3.0,1500.0
other,2.0,60.0,2.0,1060.0
other,8.0,180.0,8.0,2600.0
other,2.0,72.5,2.0,1285.0
other,3.0,170.0,3.0,3045.0
other,1.0,26.0,2.0,700.0
other,2.0,50.0,2.0,1084.0
other,3.0,115.0,3.0,1560.0
other,3.0,95.0,3.0,1645.0
other,2.0,79.0,2.0,1200.0
other,2.0,48.0,2.0,1230.0
other,3.0,150.0,3.0,1800.0
other,3.0,75.0,3.0,1592.0
other,3.0,125.0,3.0,1762.0
other,2.0,50.0,2.0,950.0
other,3.0,88.0,3.0,1760.0
other,3.0,55.0,3.0,1450.0
other,3.0,68.29,3.0,1630.0
other,9.0,360.0,11.0,5000.0
other,2.0,62.0,2.0,1200.0
other,4.0,235.0,4.0,4800.0
other,2.0,74.0,2.0,1200.0
other,4.0,99.0,4.0,2000.0
other,3.0,120.0,3.0,1753.0
other,2.0,53.0,2.0,1000.0
other,3.0,58.0,3.0,1300.0
other,2.0,40.0,2.0,1115.0
other,4.0,80.0,4.0,1600.0
other,3.0,115.0,3.0,1595.0
other,2.0,110.0,2.0,1353.0
other,2.0,45.5,2.0,1028.0
other,2.0,48.48,3.0,1385.0
other,1.0,80.0,2.0,1800.0
other,2.0,55.0,2.0,1160.0
other,3.0,120.0,3.0,1544.0
other,2.0,65.0,2.0,1200.0
other,2.0,42.0,2.0,1180.0
other,2.0,115.0,2.0,1600.0
other,2.0,45.0,2.0,1260.0
other,3.0,85.0,3.0,1630.0
other,1.0,60.0,1.0,834.0
other,4.0,70.0,3.0,1125.0
other,5.0,260.0,4.0,3000.0
other,3.0,70.0,3.0,1375.0
other,4.0,160.0,6.0,3600.0
other,2.0,52.2,2.0,1160.0
other,3.0,66.0,3.0,1641.0
other,2.0,70.0,3.0,1200.0
other,3.0,77.0,3.0,1350.0
other,2.0,115.0,2.0,1355.0
other,1.0,50.0,1.0,600.0
other,2.0,55.0,2.0,600.0
other,3.0,120.0,3.0,2300.0
other,2.0,60.0,2.0,1240.0
other,3.0,120.0,3.0,1750.0
other,2.0,43.48,2.0,1230.0
other,2.0,45.0,2.0,1045.0
other,3.0,62.0,3.0,1570.0
other,2.0,48.0,2.0,1202.0
other,2.0,62.5,2.0,1200.0
other,1.0,20.03,1.0,425.0
other,2.0,48.0,2.0,1100.0
other,3.0,85.0,3.0,1750.0
other,2.0,55.0,2.0,775.0
other,2.0,58.0,2.0,1105.0
other,7.0,76.0,6.0,900.0
other,3.0,84.83,3.0,1780.0
other,3.0,95.0,4.0,1200.0
other,3.0,95.0,3.0,1200.0
other,6.0,115.0,7.0,2500.0
other,2.0,69.0,2.0,1180.0
other,2.0,64.44,3.0,1611.0
other,2.0,95.0,3.0,1500.0
other,1.0,115.0,2.0,1300.0
other,1.0,20.0,1.0,530.0
other,2.0,80.0,2.0,1350.0
other,6.0,125.0,8.0,2400.0
other,2.0,53.0,2.0,1225.0
other,2.0,62.0,2.0,1141.0
other,2.0,48.27,2.0,1175.0
other,1.0,40.0,1.0,950.0
other,5.0,225.0,5.0,4200.0
other,3.0,90.0,3.0,1800.0
other,4.0,54.9,4.0,915.0
other,2.0,70.0,2.0,1405.0
other,3.0,90.0,3.0,1600.0
other,3.0,115.0,3.0,1500.0
other,3.0,125.0,3.0,1824.0
other,2.0,42.0,2.0,1060.0
other,2.0,55.0,2.0,1339.0
other,3.0,75.0,3.0,1600.0
other,2.0,55.11,2.0,1225.0
other,2.0,50.0,2.0,1000.0
other,2.0,65.0,2.0,1480.0
other,2.0,98.0,3.0,1500.0
other,3.0,100.0,3.0,1500.0
other,2.0,55.0,2.0,1133.0
other,5.0,145.0,5.0,1560.0
other,3.0,62.28,3.0,1384.0
other,4.0,80.0,4.0,2150.0
other,3.0,105.0,3.0,1596.0
other,3.0,80.0,3.0,1800.0
other,3.0,85.0,3.0,1200.0
other,2.0,67.0,2.0,1132.0
other,3.0,86.06,3.0,1655.0
other,2.0,80.0,2.0,1380.0
other,3.0,65.0,3.0,1450.0
other,2.0,54.0,2.0,1200.0
other,2.0,47.0,2.0,1178.0
other,4.0,300.0,4.0,3600.0
other,2.0,65.0,2.0,1093.0
other,3.0,95.0,3.0,1535.0
other,2.0,45.0,2.0,1015.0
other,2.0,62.7,2.0,1100.0
other,2.0,45.0,2.0,930.0
other,2.0,80.0,3.0,1650.0
other,2.0,46.0,3.0,1240.0
other,3.0,166.0,4.0,2000.0
other,2.0,45.0,2.0,1050.0
other,3.0,92.0,3.0,1532.0
other,2.0,66.0,2.0,1200.0
other,2.0,48.0,2.0,1180.0
other,3.0,70.0,3.0,1435.0
other,2.0,66.0,3.0,1560.0
other,2.0,42.0,2.0,1070.0
other,3.0,200.0,4.0,2400.0
other,2.0,60.0,2.0,1300.0
other,1.0,180.0,2.0,3040.0
other,3.0,120.0,3.0,1390.0
other,4.0,72.0,4.0,1200.0
other,2.0,68.0,2.0,1135.0
other,2.0,62.0,2.0,1210.0
other,3.0,80.0,3.0,1600.0
other,2.0,50.0,2.0,1100.0
other,3.0,70.0,3.0,1168.0
other,3.0,93.93,3.0,1515.0
other,5.0,85.0,4.0,2400.0
other,3.0,75.0,3.0,1616.0
other,4.0,214.0,6.0,2700.0
other,1.0,42.0,1.0,595.0
other,2.0,67.0,2.0,1410.0
other,2.0,53.0,2.0,1254.0
other,2.0,50.0,2.0,1000.0
other,3.0,142.0,4.0,2400.0
other,6.0,66.0,6.0,727.0
other,3.0,85.0,3.0,2000.0
other,3.0,91.86,3.0,1670.0
other,3.0,57.0,3.0,1488.0
other,2.0,80.0,3.0,1250.0
other,2.0,58.0,2.0,1260.0
other,2.0,48.0,2.0,1225.0
other,3.0,100.0,3.0,2000.0
other,3.0,110.0,3.0,1614.0
other,2.0,95.0,2.0,2400.0
other,3.0,75.0,3.0,1690.0
other,2.0,40.05,2.0,1068.0
other,3.0,120.0,3.0,1925.0
other,1.0,26.0,1.0,650.0
other,2.0,42.0,2.0,916.0
other,3.0,50.0,3.0,1358.0
other,2.0,110.0,3.0,1685.0
other,2.0,33.0,2.0,850.0
other,1.0,20.0,1.0,500.0
other,2.0,40.0,2.0,432.0
other,2.0,60.0,2.0,824.0
other,2.0,100.0,3.0,1340.0
other,2.0,110.0,3.0,1620.0
other,2.0,48.06,3.0,1375.0
other,2.0,85.0,3.0,1375.0
other,2.0,60.33,3.0,1440.0
other,2.0,49.5,2.0,1200.0
other,2.0,43.0,2.0,975.0
other,3.0,88.0,3.0,1500.0
other,2.0,46.0,2.0,1010.0
other,2.0,76.0,2.0,1140.0
other,2.0,75.0,2.0,1370.0
other,2.0,50.0,2.0,1200.0
other,1.0,70.0,1.0,1050.0
other,2.0,80.0,3.0,1200.0
other,2.0,34.0,2.0,830.0
other,4.0,40.0,4.0,600.0
other,2.0,38.0,2.0,946.0
other,2.0,70.0,2.0,1200.0
other,4.0,100.0,5.0,1200.0
other,3.0,80.0,3.0,1700.0
other,2.0,79.0,2.0,1300.0
other,2.0,48.0,2.0,1311.0
other,2.0,55.0,3.0,1400.0
other,2.0,45.0,2.0,950.0
other,2.0,52.0,2.0,1022.0
other,2.0,44.55,2.0,990.0
other,3.0,70.0,3.0,1475.0
other,2.0,110.0,2.0,1452.55
other,4.0,85.0,5.0,1200.0
other,3.0,91.72,3.0,1411.0
other,2.0,67.5,2.0,1350.0
other,2.0,43.79,2.0,1240.0
other,2.0,48.27,2.0,1175.0
other,2.0,75.0,3.0,1150.0
other,3.0,74.0,3.0,1200.0
other,3.0,86.03,3.0,1229.0
other,2.0,61.0,2.0,1030.0
other,1.0,32.0,1.0,600.0
other,4.0,240.0,4.0,3000.0
other,2.0,38.0,2.0,1050.0
other,2.0,90.0,2.0,1315.0
other,2.0,72.0,2.0,1210.0
other,3.0,42.2,3.0,1215.0
other,3.0,64.0,3.0,1445.0
other,2.0,110.0,2.0,1600.0
other,1.0,34.01,2.0,955.0
other,2.0,45.0,2.0,1187.0
other,2.0,30.0,3.0,600.0
other,3.0,97.0,3.0,1700.0
other,3.0,55.0,3.0,1360.0
other,2.0,75.0,2.0,1100.0
other,2.0,40.0,2.0,1020.0
other,4.0,255.0,4.0,4200.0
other,2.0,55.0,2.0,1200.0
other,1.0,41.0,1.0,700.0
other,2.0,67.0,2.0,1400.0
other,2.0,53.0,2.0,1200.0
other,3.0,250.0,3.0,3000.0
other,2.0,61.0,2.0,1100.0
other,2.0,65.0,3.0,1360.0
other,4.0,75.0,3.0,1272.0
other,5.0,140.0,5.0,1600.0
other,2.0,65.0,3.0,1000.0
other,2.0,58.0,3.0,1306.0
other,2.0,47.0,2.0,1225.0
other,6.0,80.0,9.0,1500.0
other,2.0,51.0,2.0,1110.0
other,2.0,54.0,2.0,1300.0
other,3.0,100.0,3.0,1690.0
other,3.0,61.0,3.0,1355.0
other,2.0,90.0,2.0,1350.0
other,3.0,88.0,3.0,1460.0
other,3.0,95.0,3.0,1685.0
other,1.0,52.0,1.0,800.0
other,2.0,70.0,2.0,792.0
other,3.0,75.0,3.0,2100.0
other,1.0,31.7,1.0,461.82
other,2.0,85.0,3.0,1500.0
other,2.0,50.0,2.0,1065.0
other,2.0,42.18,2.0,1205.0
other,2.0,75.0,2.0,1260.0
other,2.0,50.0,2.0,1199.0
other,12.0,525.0,10.0,12000.0
other,3.0,130.0,3.0,1950.0
other,2.0,62.17,2.0,1326.0
other,3.0,170.0,3.0,2100.0
other,3.0,160.0,3.0,1991.0
other,3.0,66.0,3.0,1200.0
other,2.0,55.0,2.0,1069.0
other,2.0,105.0,2.0,1375.0
other,2.0,41.75,2.0,1160.0
other,2.0,45.0,2.0,900.0
other,2.0,23.0,2.0,600.0
other,2.0,70.0,2.0,1364.0
other,2.0,77.5,3.0,1150.0
other,2.0,39.5,2.0,1146.0
other,2.0,41.0,2.0,1110.0
other,2.0,60.0,2.0,1058.0
other,2.0,65.0,3.0,1500.0
other,2.0,65.0,2.0,1400.0
other,2.0,46.0,2.0,900.0
other,3.0,65.0,3.0,1500.0
other,3.0,95.0,3.0,1596.0
other,3.0,123.0,3.0,1639.0
other,2.0,37.0,2.0,920.0
other,2.0,90.0,3.0,1372.0
other,2.0,63.0,2.0,925.0
other,3.0,95.0,4.0,1200.0
other,2.0,79.0,2.0,1200.0
other,3.0,145.0,4.0,1584.0
other,3.0,115.0,3.0,1570.0
other,6.0,130.0,6.0,2400.0
other,2.0,50.0,2.0,1200.0
other,1.0,36.5,1.0,705.0
other,3.0,77.0,3.0,1340.0
other,3.0,70.0,3.0,1800.0
other,2.0,57.0,2.0,1230.0
other,3.0,270.0,3.0,3259.0
other,3.0,190.0,4.0,3200.0
other,2.0,40.0,2.0,970.0
other,1.0,42.0,1.0,596.0
other,16.0,550.0,16.0,10000.0
other,4.0,110.0,4.0,1200.0
other,1.0,25.0,2.0,620.0
other,1.0,30.0,1.0,650.0
other,3.0,85.0,3.0,2000.0
other,1.0,22.49,1.0,532.0
other,3.0,62.0,3.0,1060.0
other,2.0,42.0,2.0,902.0
other,4.0,125.0,4.0,2145.0
other,2.0,80.0,2.0,1000.0
other,2.0,52.6,2.0,1240.0
other,4.0,140.0,3.0,1865.0
other,2.0,49.0,2.0,1200.0
other,3.0,76.0,3.0,1600.0
other,2.0,40.0,2.0,1134.0
other,2.0,73.0,3.0,1320.0
other,5.0,120.0,5.0,2400.0
other,3.0,52.0,2.0,675.0
other,3.0,139.0,3.0,1801.0
other,2.0,65.0,3.0,1350.0
other,2.0,160.0,2.0,2400.0
other,2.0,62.0,3.0,1400.0
other,2.0,60.0,3.0,1488.0
other,9.0,166.0,9.0,4500.0
other,3.0,82.0,3.0,1853.0
other,2.0,35.0,2.0,861.0
other,2.0,62.8,2.0,1256.0
other,4.0,110.0,4.0,1500.0
other,3.0,72.0,3.0,1531.0
other,2.0,70.0,2.0,900.0
other,6.0,70.0,4.0,1200.0
other,2.0,38.0,2.0,1100.0
other,2.0,60.0,2.0,1205.0
other,3.0,46.14,2.0,1200.0
other,4.0,240.0,4.0,3884.0
other,2.0,56.0,2.0,1150.0
other,2.0,49.0,2.0,1141.0
other,1.0,24.0,1.0,500.0
other,5.0,150.0,4.0,3200.0
other,2.0,56.81,2.0,1196.0
other,2.0,77.25,2.0,1030.0
other,3.0,160.0,3.0,2000.0
other,3.0,93.0,3.0,1575.0
other,2.0,70.0,3.0,1300.0
other,2.0,50.0,2.0,975.0
other,2.0,75.0,2.0,1380.0
other,2.0,45.0,2.0,1080.0
other,3.0,250.0,3.0,3100.0
other,2.0,100.0,2.0,1190.0
other,3.0,100.0,3.0,1827.0
other,2.0,63.0,2.0,1180.0
other,3.0,95.0,3.0,1645.0
other,2.0,55.0,3.0,1200.0
other,2.0,22.0,2.0,620.0
other,3.0,85.0,3.0,2000.0
other,2.0,49.75,2.0,1280.0
other,1.0,160.0,2.0,4200.0
other,2.0,49.85,2.0,1215.0
other,2.0,52.0,2.0,1076.0
other,2.0,150.0,2.0,2080.0
other,3.0,95.75,3.0,1200.0
other,3.0,70.0,3.0,1500.0
other,5.0,80.0,4.0,2000.0
other,3.0,85.0,3.0,2000.0
other,2.0,130.0,3.0,1500.0
other,3.0,72.0,3.0,1600.0
other,2.0,38.0,2.0,1100.0
other,1.0,49.0,1.0,833.0
other,2.0,36.28,2.0,1037.0
other,5.0,270.0,4.0,3000.0
other,3.0,85.0,3.0,1545.0
other,2.0,35.0,2.0,780.0
other,2.0,110.0,2.0,1350.0
other,4.0,180.0,5.0,2000.0
other,2.0,48.0,2.0,1096.0
other,2.0,44.0,2.0,1094.0
other,2.0,49.0,2.0,1100.0
other,4.0,62.0,5.0,720.0
other,3.0,85.0,3.0,1200.0
other,2.0,47.5,2.0,1086.0
other,2.0,74.0,2.0,1150.0
other,3.0,65.8,3.0,1440.0
other,2.0,108.0,3.0,1200.0
other,2.0,75.0,2.0,1200.0
other,3.0,60.0,3.0,1225.0
other,3.0,75.0,3.0,1650.0
other,2.0,46.0,2.0,1113.0
other,2.0,72.0,3.0,1800.0
other,4.0,85.0,4.0,1350.0
other,2.0,32.73,2.0,935.0
other,5.0,120.0,5.0,2500.0
other,2.0,52.0,2.0,1140.0
other,2.0,40.0,2.0,1050.0
other,3.0,95.0,3.0,1758.0
other,2.0,40.0,3.0,909.0
other,2.0,48.0,2.0,1000.0
other,4.0,200.0,3.0,2400.0
other,3.0,87.5,3.0,1645.0
other,2.0,55.0,2.0,1252.0
other,2.0,60.0,2.0,950.0
other,3.0,68.0,3.0,1450.0
other,3.0,100.0,3.0,2431.0
other,3.0,54.0,3.0,600.0
other,2.0,56.0,2.0,1155.0
other,2.0,62.63,2.0,1450.0
other,3.0,60.0,2.0,1365.0
other,2.0,85.0,3.0,1402.0
other,3.0,75.0,3.0,1550.0
other,4.0,290.0,4.0,5000.0
other,3.0,85.0,3.0,2000.0
other,2.0,44.0,2.0,1100.0
other,2.0,37.0,2.0,830.0
other,2.0,48.0,2.0,1100.0
other,2.0,53.51,3.0,1230.0
other,2.0,89.6,3.0,1450.0
other,2.0,77.0,2.0,1340.0
other,3.0,105.0,3.0,1665.0
other,2.0,48.79,2.0,1220.0
other,4.0,200.0,4.0,2300.0
other,2.0,46.0,2.0,1100.0
other,2.0,45.0,2.0,1140.0
other,2.0,58.0,2.0,1065.0
other,2.0,42.0,3.0,1082.0
other,2.0,40.0,2.0,1120.0
other,2.0,65.0,3.0,1500.0
other,1.0,75.0,2.0,1000.0
other,2.0,44.0,2.0,1176.0
other,5.0,390.0,4.0,4830.0
other,2.0,75.0,2.0,850.0
other,3.0,64.0,3.0,1600.0
other,2.0,59.0,2.0,1250.0
other,2.0,46.0,2.0,1115.0
other,2.0,52.0,2.0,1130.0
other,1.0,25.0,1.0,450.0
other,2.0,85.0,2.0,1100.0
other,4.0,350.0,5.0,4400.0
other,4.0,75.0,4.0,900.0
other,2.0,79.0,3.0,1550.0
other,2.0,38.9,2.0,1070.0
other,2.0,36.44,2.0,1041.0
other,3.0,90.0,3.0,1950.0
other,2.0,62.0,2.0,1080.0
other,2.0,43.66,2.0,999.0
other,2.0,55.0,2.0,1127.0
other,3.0,96.25,3.0,1200.0
other,2.0,88.0,2.0,1500.0
other,2.0,48.0,2.0,856.0
other,1.0,43.0,1.0,600.0
other,4.0,425.0,4.0,7500.0
other,2.0,52.0,2.0,1100.0
other,3.0,70.0,3.0,1200.0
other,2.0,45.9,2.0,1016.0
other,3.0,88.0,3.0,1800.0
other,2.0,80.0,3.0,1477.0
other,3.0,98.0,3.0,1793.0
other,2.0,33.0,2.0,960.0
other,2.0,23.0,2.0,620.0
other,2.0,62.0,2.0,1020.0
other,6.0,310.0,4.0,3563.0
other,2.0,47.0,2.0,1165.0
other,6.0,75.0,6.0,1306.8000000000002
other,4.0,88.0,4.0,1440.0
other,3.0,113.0,3.0,2250.0
other,2.0,75.0,3.0,1200.0
other,3.0,75.0,3.0,1643.0
other,2.0,80.0,2.0,1030.0
other,2.0,69.0,2.0,1150.0
other,2.0,90.0,3.0,1500.0
other,2.0,55.0,2.0,900.0
other,2.0,35.0,2.0,850.0
other,2.0,35.0,2.0,970.0
other,2.0,74.0,2.0,1180.0
other,4.0,200.0,3.0,4510.0
other,3.0,85.0,3.0,1540.0
other,3.0,120.0,3.0,2000.0
other,3.0,145.0,3.0,2000.0
other,2.0,42.0,2.0,850.0
other,5.0,100.0,4.0,2200.0
other,1.0,65.0,2.0,1200.0
other,3.0,85.0,3.0,1840.0
other,2.0,53.0,2.0,1200.0
other,2.0,30.0,2.0,800.0
other,3.0,90.0,3.0,1652.5
other,3.0,138.0,3.0,1500.0
other,2.0,43.0,2.0,700.0
other,2.0,35.0,2.0,850.0
other,2.0,58.0,2.0,990.0
other,2.0,100.0,2.0,1240.0
other,3.0,118.0,3.0,1810.0
other,2.0,44.0,2.0,1035.0
other,4.0,100.0,6.0,2800.0
other,3.0,78.65,3.0,1430.0
other,2.0,45.0,1.0,1200.0
other,4.0,65.0,4.0,1260.0
other,1.0,75.0,1.0,840.0
other,2.0,116.0,3.0,1760.0
other,5.0,268.5,4.0,3317.5
other,1.0,52.0,2.0,600.0
other,2.0,75.0,2.0,1410.0
other,5.0,93.0,5.0,2400.0
other,4.0,150.0,4.0,2100.0
other,2.0,52.5,2.0,1200.0
other,3.0,60.0,3.0,1539.0
other,2.0,46.0,2.0,920.0
other,2.0,50.0,2.0,905.0
other,2.0,55.0,3.0,1455.0
other,3.0,110.0,3.0,1537.0
other,7.0,250.0,7.0,2800.0
other,2.0,48.0,2.0,1020.0
other,2.0,90.0,2.0,1191.0
other,4.0,90.0,4.0,2100.0
other,5.0,250.0,4.0,2849.0
other,2.0,47.0,2.0,1225.0
other,3.0,60.0,3.0,1685.0
other,2.0,45.0,2.0,827.0
other,2.0,61.0,2.0,1261.0
other,4.0,190.0,4.0,3400.0
other,2.0,70.0,2.0,1205.0
other,5.0,99.0,5.0,1200.0
other,2.0,58.0,2.0,1250.0
other,2.0,55.0,3.0,1424.0
other,3.0,55.0,3.0,1250.0
other,4.0,160.0,3.0,2200.0
other,3.0,76.0,3.0,1540.0
other,3.0,155.0,3.0,1900.0
other,2.0,48.0,2.0,1098.0
other,1.0,95.0,2.0,1200.0
other,2.0,37.0,2.0,1060.0
other,2.0,61.0,2.0,1100.0
other,4.0,80.0,5.0,1050.0
other,3.0,155.0,3.0,1942.0
other,4.0,80.0,3.0,1200.0
other,2.0,60.0,2.0,1400.0
other,3.0,90.0,3.0,1515.0
other,2.0,53.0,2.0,1206.0
other,2.0,58.0,2.0,1250.0
other,2.0,24.0,2.0,625.0
other,3.0,64.0,3.0,1300.0
other,1.0,69.0,1.0,1200.0
other,3.0,95.0,3.0,2099.0
other,1.0,48.0,1.0,1200.0
other,2.0,78.65,3.0,1430.0
other,3.0,85.0,3.0,2108.0
other,2.0,41.0,2.0,900.0
other,4.0,185.0,4.0,2690.0
other,1.0,77.5,2.0,1290.0
other,2.0,48.0,2.0,1150.0
other,2.0,75.0,2.0,1200.0
other,2.0,36.0,2.0,750.0
other,2.0,75.0,3.0,1600.0
other,1.0,44.0,2.0,900.0
other,2.0,100.0,3.0,1504.0
other,3.0,72.0,3.0,1500.0
other,2.0,48.0,3.0,1280.0
other,2.0,38.33,2.0,1095.0
other,3.0,120.0,3.0,1862.0
other,3.0,200.0,3.0,2700.0
other,3.0,98.0,3.0,1677.0
other,8.0,95.0,8.0,2500.0
other,3.0,65.0,3.0,1431.0
other,2.0,42.0,2.0,690.0
other,3.0,111.0,3.0,1520.0
other,2.0,64.5,3.0,1391.0
other,4.0,86.0,4.0,1200.0
other,2.0,33.0,2.0,900.0
other,2.0,70.0,2.0,1230.0
other,2.0,22.0,2.0,596.0
other,6.0,310.0,4.0,3463.0
other,2.0,85.0,2.0,1200.0
other,2.0,45.0,2.0,1200.0
other,4.0,130.0,3.0,2000.0
other,2.0,34.82,3.0,995.0
other,6.0,78.0,6.0,850.0
other,2.0,44.0,2.0,1000.0
other,2.0,79.0,2.0,1175.0
other,2.0,75.0,2.0,1158.0
other,4.0,200.0,4.0,3200.0
other,2.0,90.0,2.0,1200.0
other,2.0,69.0,2.0,1266.67
other,3.0,90.0,3.0,1800.0
other,3.0,60.0,3.0,800.0
other,2.0,160.0,2.0,2000.0
other,2.0,75.0,2.0,1230.0
other,2.0,44.8,2.0,1080.0
other,2.0,48.0,2.0,880.0
other,2.0,45.0,2.0,1150.0
other,2.0,55.0,2.0,1194.0
other,3.0,90.0,3.0,2000.0
other,2.0,42.5,2.0,1025.0
other,2.0,76.0,2.0,1200.0
other,1.0,54.0,2.0,1200.0
other,2.0,38.0,2.0,950.0
other,2.0,42.0,2.0,1012.0
other,2.0,70.0,2.0,1050.0
other,3.0,105.0,3.0,2000.0
other,2.0,55.0,2.0,1075.0
other,5.0,80.0,7.0,1200.0
other,3.0,99.0,3.0,1200.0
other,2.0,43.0,2.0,1007.0
other,6.0,150.0,6.0,4250.0
other,2.0,39.0,2.0,600.0
other,3.0,111.0,3.0,1700.0
other,2.0,65.0,2.0,1340.0
other,2.0,54.0,2.0,1200.0
other,3.0,110.0,3.0,1780.0
other,2.0,65.0,3.0,900.0
other,3.0,220.0,3.0,2456.0
other,2.0,64.4,3.0,1610.0
other,3.0,57.23,3.0,1439.0
other,2.0,60.0,3.0,1435.0
other,2.0,50.0,2.0,1250.0
other,2.0,65.0,2.0,1225.0
other,3.0,75.0,3.0,1750.0
other,2.0,102.0,3.0,1504.0
other,2.0,60.0,2.0,1150.0
other,3.0,92.0,3.0,1625.0
other,2.0,50.0,2.0,1180.0
other,2.0,51.5,2.0,1272.0
other,2.0,92.0,3.0,1490.0
other,5.0,140.0,4.0,2400.0
other,2.0,54.0,2.0,1200.0
other,2.0,42.5,2.0,959.0
other,3.0,90.0,3.0,1885.0
other,2.0,60.0,2.0,1250.0
other,2.0,52.0,2.0,1110.0
other,3.0,48.6,3.0,1350.0
other,2.0,160.0,4.0,2000.0
other,1.0,62.0,1.0,834.0
other,1.0,52.0,1.0,600.0
other,2.0,52.0,3.0,800.0
other,2.0,46.0,2.0,1000.0
other,2.0,52.0,2.0,1200.0
other,2.0,90.0,2.0,1280.0
other,3.0,175.0,3.0,2075.0
other,3.0,73.9,3.0,1578.0
other,4.0,90.0,4.0,1050.0
other,2.0,70.0,2.0,1475.0
other,2.0,125.0,2.0,2400.0
other,2.0,70.0,3.0,1427.0
other,2.0,55.0,3.0,1455.0
other,3.0,80.0,3.0,1570.0
other,7.0,160.0,6.0,2300.0
other,4.0,155.0,3.0,2515.0
other,2.0,56.0,2.0,1200.0
other,3.0,75.0,3.0,1670.0
other,2.0,29.0,2.0,700.0
other,2.0,67.0,3.0,1300.0
other,2.0,54.0,2.0,1200.0
other,2.0,49.75,3.0,1215.0
other,2.0,55.0,2.0,1050.0
other,2.0,58.0,2.0,1258.0
other,4.0,130.0,8.0,3000.0
other,3.0,90.0,3.0,1450.0
other,2.0,43.0,2.0,1250.0
other,2.0,100.0,3.0,1200.0
other,2.0,70.0,2.0,1205.0
other,1.0,26.0,1.0,375.0
other,3.0,95.0,5.0,1200.0
other,2.0,43.0,3.0,909.0
other,2.0,100.0,3.0,1800.0
other,2.0,42.0,4.0,750.0
other,1.0,35.5,2.0,850.0
other,2.0,55.0,2.0,1200.0
other,3.0,74.0,3.0,1480.0
other,1.0,35.0,1.0,400.0
other,2.0,55.0,3.0,1310.0
other,2.0,45.5,2.0,993.0
other,2.0,40.0,1.0,825.0
other,2.0,50.0,2.0,1050.0
other,5.0,420.0,4.0,4800.0
other,1.0,72.0,1.0,800.0
other,2.0,82.0,3.0,1225.0
other,1.0,27.0,1.0,655.0
other,2.0,96.0,2.0,1196.0
other,2.0,50.0,2.0,927.0
other,2.0,48.72,2.0,1175.0
other,4.0,200.0,4.0,2800.0
other,2.0,28.0,2.0,750.0
other,2.0,45.0,2.0,1000.0
other,2.0,57.0,2.0,985.0
other,7.0,160.0,7.0,3600.0
other,2.0,93.0,3.0,1503.0
other,2.0,61.0,2.0,1200.0
other,1.0,32.0,1.0,800.0
other,6.0,145.0,7.0,3000.0
other,1.0,35.0,1.0,600.0
other,2.0,55.0,2.0,1010.0
other,4.0,90.0,5.0,1000.0
other,2.0,37.8,2.0,1080.0
other,3.0,85.0,3.0,1800.0
other,3.0,142.0,3.0,2095.0
other,2.0,48.6,2.0,1190.0
other,2.0,88.0,3.0,1600.0
other,1.0,20.0,1.0,500.0
other,2.0,100.0,3.0,1280.0
other,3.0,110.0,3.0,1650.0
other,3.0,55.0,3.0,1425.0
other,2.0,45.0,2.0,1285.0
other,2.0,95.0,3.0,2000.0
other,2.0,55.0,3.0,1320.0
other,2.0,61.99,2.0,1322.0
other,2.0,65.0,3.0,1450.0
other,1.0,15.0,1.0,425.0
other,3.0,68.0,3.0,1450.0
other,1.0,70.0,2.0,900.0
other,2.0,35.0,2.0,1000.0
other,2.0,35.0,4.0,400.0
other,3.0,72.0,3.0,1200.0
other,1.0,34.0,1.0,510.0
other,2.0,65.0,2.0,1166.0
other,6.0,100.0,4.0,2100.0
other,2.0,56.0,2.0,940.0
other,2.0,40.1,2.0,1015.0
other,2.0,63.0,2.0,1000.0
other,2.0,65.0,2.0,1350.0
other,3.0,117.0,3.0,1998.0
other,2.0,60.0,2.0,1300.0
other,2.0,33.0,2.0,950.0
other,3.0,81.0,3.0,1350.0
other,2.0,36.0,2.0,826.0
other,2.0,35.0,2.0,935.0
other,4.0,110.0,4.0,1200.0
other,4.0,170.0,6.0,2400.0
other,1.0,45.0,1.0,600.0
other,1.0,27.0,1.0,672.0
other,3.0,87.0,3.0,1280.0
other,3.0,100.0,3.0,1567.0
other,2.0,48.0,2.0,1125.0
other,2.0,75.0,3.0,1471.0
other,2.0,29.0,1.0,520.0
other,2.0,60.0,2.0,1300.0
other,2.0,32.5,2.0,850.0
other,2.0,70.0,3.0,1428.0
other,2.0,83.87,2.0,1407.0
other,2.0,45.0,2.0,900.0
other,2.0,67.0,2.0,1200.0
other,3.0,152.0,3.0,1872.0
other,5.0,90.0,5.0,1200.0
other,3.0,90.0,3.0,1400.0
other,2.0,35.0,1.0,600.0
other,2.0,35.0,2.0,700.0
other,2.0,50.0,2.0,1105.0
other,2.0,51.0,2.0,1000.0
other,2.0,63.0,3.0,1240.0
other,3.0,70.0,3.0,1640.0
other,2.0,62.0,2.0,1200.0
other,3.0,55.0,3.0,1495.0
other,3.0,53.0,3.0,1400.0
other,2.0,53.0,2.0,1054.0
other,2.0,47.0,2.0,1275.0
other,2.0,52.0,2.0,1394.0
other,2.0,57.0,2.0,1075.0
other,2.0,54.89,2.0,1220.0
other,3.0,89.0,3.0,1499.0
other,2.0,55.0,3.0,1280.0
other,2.0,50.0,2.0,905.0
other,2.0,55.0,2.0,1056.0
other,3.0,90.0,3.0,1770.0
other,2.0,57.0,2.0,1152.0
other,2.0,65.0,3.0,1350.0
other,1.0,33.0,1.0,565.0
other,2.0,55.0,2.0,1000.0
other,2.0,42.0,2.0,1045.0
other,4.0,130.0,3.0,2400.0
other,1.0,23.5,1.0,420.0
other,3.0,65.0,3.0,1675.0
other,2.0,71.05,2.0,1225.0
other,4.0,90.0,4.0,1350.0
other,3.0,91.855,3.0,1732.5
other,2.0,280.0,2.0,3760.0
other,3.0,65.0,3.0,1450.0
other,2.0,46.0,2.0,1156.0
other,2.0,56.0,2.0,1140.0
other,3.0,180.0,3.0,2250.0
other,3.0,78.0,3.0,1485.0
other,3.0,95.0,3.0,1500.0
other,2.0,65.0,3.0,1488.0
other,3.0,199.0,3.0,2250.0
other,4.0,314.0,4.0,3700.0
other,2.0,42.25,2.0,1190.0
other,6.0,420.0,4.0,4800.0
other,2.0,43.5,2.0,1050.0
other,3.0,48.0,3.0,720.0
other,2.0,49.0,2.0,1140.0
other,1.0,34.0,1.0,648.0
other,2.0,126.0,3.0,1720.0
other,2.0,45.0,2.0,1100.0
other,2.0,64.0,2.0,1080.0
other,1.0,29.0,2.0,800.0
other,1.0,35.0,1.0,535.0
other,2.0,42.0,2.0,1152.0
other,2.0,88.0,3.0,1465.0
other,2.0,63.0,2.0,1145.0
other,2.0,75.0,2.0,1280.0
other,3.0,60.0,2.0,680.0
other,3.0,90.0,3.0,1500.0
other,2.0,58.25,3.0,1355.0
other,2.0,160.0,3.0,2320.0
other,1.0,95.0,2.0,1840.0
other,4.0,89.0,4.0,2400.0
other,3.0,77.89,3.0,1639.0
other,2.0,75.0,2.0,1160.0
other,2.0,45.0,2.0,1095.0
other,2.0,36.84,2.0,1040.0
other,3.0,56.0,3.0,1464.0
other,3.0,67.49,3.0,1500.0
other,2.0,42.5,2.0,1060.0
other,3.0,70.0,3.0,1420.0
other,4.0,264.0,4.0,3000.0
other,3.0,51.0,3.0,1398.0
other,3.0,67.0,3.0,1504.0
other,2.0,68.0,2.0,1230.0
other,2.0,62.0,2.0,1260.0
other,4.0,170.0,5.0,2700.0
other,3.0,45.33,3.0,1290.0
other,2.0,110.0,3.0,1485.0
other,2.0,101.0,2.0,1489.0
other,4.0,200.0,4.0,2996.0
other,4.0,52.0,7.0,1300.0
other,3.0,100.0,3.0,1780.0
other,5.0,55.0,5.0,950.0
other,2.0,49.5,2.0,1050.0
other,3.0,90.0,3.0,1310.0
other,2.0,54.0,2.0,1200.0
other,2.0,125.0,3.0,1603.0
other,2.0,40.53,2.0,1160.0
other,3.0,47.0,4.0,612.0
other,2.0,69.0,2.0,1275.0
other,2.0,51.0,3.0,1300.0
other,3.0,55.0,3.0,1275.0
other,2.0,31.0,2.0,780.0
other,2.0,43.5,2.0,1088.0
other,2.0,110.0,2.0,1200.0
other,2.0,78.0,3.0,1400.0
other,3.0,238.0,3.0,2648.0
other,3.0,93.0,3.0,1721.0
other,4.0,420.0,4.0,4800.0
other,2.0,68.0,2.0,1163.0
other,1.0,33.645,1.0,801.0
other,3.0,65.0,3.0,1540.0
other,4.0,135.0,4.0,2400.0
other,2.0,50.0,3.0,1215.0
other,2.0,45.0,2.0,975.0
other,2.0,80.0,2.0,1330.0
other,2.0,95.0,3.0,1320.0
other,5.0,550.0,5.0,8000.0
other,2.0,50.0,2.0,1000.0
other,3.0,225.0,4.0,4500.0
other,2.0,150.0,4.0,2200.0
other,3.0,95.0,3.0,1092.0
other,3.0,53.0,3.0,1100.0
other,2.0,50.0,2.0,1170.0
other,2.0,45.9,2.0,935.0
other,4.0,110.0,4.0,1200.0
other,3.0,131.0,3.0,1630.0
other,2.0,41.0,1.0,1050.0
other,13.0,275.0,13.0,5425.0
other,2.0,48.0,2.0,900.0
other,1.0,25.0,1.0,620.0
other,2.0,41.94,2.0,1180.0
other,3.0,70.0,2.0,1200.0
other,2.0,68.0,2.0,1130.0
other,2.0,55.0,2.0,800.0
other,2.0,75.0,2.0,1200.0
other,2.0,57.6,2.0,1100.0
other,1.0,48.0,1.0,1200.0
other,3.0,62.0,3.0,1675.0
other,2.0,55.0,2.0,1250.0
other,2.0,49.5,2.0,1275.0
other,4.0,225.0,4.0,3600.0
other,8.0,130.0,9.0,3200.0
other,2.0,92.0,3.0,1900.0
other,3.0,95.0,3.0,1715.0
other,2.0,60.0,2.0,703.0
other,2.0,56.0,3.0,1400.0
other,2.0,57.15,3.0,1270.0
other,4.0,400.0,4.0,4382.0
other,2.0,77.25,3.0,1030.0
other,2.0,66.0,2.0,1000.0
other,4.0,150.0,4.0,2400.0
other,2.0,51.5,2.0,1263.0
other,5.0,240.0,5.0,4400.0
other,2.0,38.0,2.0,1050.0
other,3.0,100.0,3.0,2000.0
other,2.0,56.0,2.0,1220.0
other,2.0,85.0,1.0,1500.0
other,5.0,300.0,4.0,5000.0
other,2.0,50.0,2.0,1000.0
other,2.0,68.0,2.0,1100.0
other,3.0,90.0,3.0,1385.0
other,2.0,52.0,2.0,1070.0
other,2.0,120.0,2.0,1415.0
other,3.0,81.0,3.0,1537.0
other,2.0,45.0,2.0,1050.0
other,2.0,60.0,3.0,1255.0
other,4.0,65.0,4.0,702.0
other,2.0,185.0,3.0,2400.0
other,2.0,65.0,2.0,1025.0
other,2.0,69.0,2.0,1155.0
other,4.0,115.0,4.0,2180.0
other,3.0,85.0,3.0,1610.0
other,3.0,135.0,4.0,3150.0
other,2.0,56.7,2.0,1255.0
other,2.0,29.5,2.0,600.0
other,2.0,73.0,2.0,1410.0
other,2.0,53.11,2.0,1170.0
other,2.0,65.0,2.0,1201.0
other,1.0,30.0,1.0,660.0
other,2.0,40.0,2.0,933.4454079999999
other,3.0,80.0,3.0,980.0
other,2.0,37.8,2.0,1080.0
other,3.0,72.0,3.0,1535.0
other,4.0,150.0,4.0,3500.0
other,1.0,35.0,1.0,660.0
other,2.0,39.0,2.0,1081.0
other,2.0,80.0,2.0,1178.0
other,3.0,162.0,7.0,1900.0
other,8.0,150.0,7.0,4000.0
other,2.0,52.86,2.0,1175.0
other,1.0,53.0,1.0,936.0
other,2.0,54.0,2.0,1200.0
other,5.0,150.0,5.0,2400.0
other,2.0,34.0,2.0,827.0
other,2.0,32.0,2.0,800.0
other,5.0,140.0,5.0,2760.0
other,3.0,90.0,2.0,2260.0
other,1.0,32.39,1.0,720.0
other,1.0,20.0,2.0,550.0
other,4.0,170.0,5.0,3000.0
other,3.0,133.0,3.0,1626.6
other,2.0,48.0,2.0,1007.0
other,2.0,100.0,2.0,1348.0
other,2.0,60.1,3.0,1182.0
other,2.0,46.29,2.0,1053.0
other,2.0,87.0,3.0,1460.0
other,3.0,265.0,3.0,3000.0
other,3.0,150.0,3.0,1800.0
other,2.0,35.0,2.0,1000.0
other,2.0,47.8,2.0,967.0
other,3.0,85.0,3.0,2000.0
other,1.0,20.0,1.0,509.0
other,3.0,82.0,4.0,1800.0
other,2.0,52.0,3.0,1397.0
other,3.0,135.0,3.0,2050.0
other,2.0,53.56,2.0,1339.0
other,2.0,52.0,2.0,1305.0
other,3.0,65.0,3.0,1545.0
other,4.0,270.0,4.0,3200.0
other,2.0,45.0,2.0,1050.0
other,1.0,42.0,2.0,1200.0
other,3.0,87.0,3.0,1645.0
other,7.0,110.0,6.0,2700.0
other,2.0,45.68,3.0,1305.0
other,2.0,65.0,2.0,1255.0
other,2.0,140.0,4.0,1650.0
other,2.0,40.0,2.0,935.0
other,1.0,65.0,1.0,1200.0
other,3.0,108.0,3.0,2045.0
other,2.0,88.0,2.0,1310.0
other,2.0,55.0,2.0,1250.0
other,4.0,345.0,4.0,4500.0
other,2.0,54.0,2.0,1200.0
other,1.0,17.0,1.0,418.0
other,3.0,80.0,3.0,1200.0
other,1.0,28.0,1.0,610.0
other,2.0,57.0,2.0,950.0
other,3.0,87.0,4.0,1530.0
other,3.0,108.0,4.0,2400.0
other,2.0,90.0,3.0,1200.0
other,6.0,170.0,6.0,3600.0
other,3.0,68.63,3.0,1525.0
other,2.0,42.66,2.0,1185.0
other,4.0,300.0,4.0,3600.0
other,2.0,60.0,2.0,1120.0
other,7.0,225.0,6.0,5100.0
other,2.0,45.0,2.0,1000.0
other,2.0,55.0,3.0,1347.0
other,2.0,71.05,2.0,1225.0
other,3.0,78.0,2.0,1200.0
other,2.0,55.0,2.0,1339.0
other,3.0,72.0,3.0,1449.0
other,2.0,38.68,2.0,1100.0
other,2.0,55.0,2.0,1100.0
other,8.0,310.0,8.0,3300.0
other,3.0,156.0,3.0,2312.0
other,2.0,70.0,2.0,1175.0
other,2.0,51.0,2.0,1145.0
other,3.0,93.0,4.0,1386.0
other,2.0,52.0,2.0,1060.0
other,2.0,68.0,3.0,1330.0
other,2.0,37.0,2.0,927.0
other,3.0,68.0,3.0,1200.0
other,2.0,37.49,2.0,760.0
other,4.0,140.0,3.0,3200.0
other,6.0,560.0,6.0,7000.0
other,3.0,65.0,3.0,1525.0
other,2.0,72.0,2.0,1220.0
other,2.0,60.0,2.0,1500.0
other,3.0,95.0,3.0,1884.0
other,2.0,75.0,2.0,1100.0
other,2.0,90.0,2.0,1350.0
other,5.0,350.0,4.0,4800.0
other,3.0,110.0,3.0,1200.0
other,2.0,63.0,3.0,1495.0
other,2.0,75.0,2.0,1250.0
other,2.0,59.0,2.0,1275.0
other,2.0,36.4,2.0,1040.0
other,1.0,40.0,1.0,648.0
other,2.0,58.0,3.0,1320.0
other,2.0,65.0,2.0,1180.0
other,2.0,55.0,2.0,975.0
other,2.0,42.0,2.0,1190.0
other,2.0,55.0,2.0,1275.0
other,2.0,38.0,2.0,1080.0
other,2.0,22.0,2.0,560.0
other,2.0,50.0,2.0,1070.0
other,3.0,90.0,3.0,1495.0
other,2.0,51.0,2.0,1053.0
other,2.0,75.0,4.0,1200.0
other,2.0,60.0,2.0,1000.0
other,6.0,200.0,6.0,2750.0
other,2.0,38.0,2.0,1100.0
other,3.0,73.0,3.0,1555.0
other,2.0,130.0,3.0,1630.0
other,4.0,84.0,4.0,1344.0
other,2.0,82.0,2.0,1200.0
other,2.0,42.4,2.0,1195.0
other,1.0,50.0,1.0,850.0
other,2.0,33.0,2.0,865.0
other,2.0,60.0,3.0,1145.0
other,2.0,48.0,2.0,1025.0
other,3.0,120.0,3.0,1750.0
other,2.0,40.0,2.0,750.0
other,3.0,170.0,3.0,2150.0
other,2.0,190.0,3.0,2200.0
other,2.0,57.0,2.0,1160.0
other,3.0,70.0,3.0,1200.0
other,2.0,34.5,2.0,893.0
other,3.0,98.0,3.0,1400.0
other,2.0,52.0,2.0,1052.0
other,2.0,62.0,3.0,1567.0
other,3.0,185.0,4.0,2360.0
other,3.0,90.0,3.0,1760.0
other,2.0,58.5,2.0,1100.0
other,6.0,110.0,5.0,1200.0
other,2.0,50.0,2.0,1236.0
other,5.0,60.0,8.0,772.0
other,1.0,45.0,2.0,800.0
other,2.0,65.0,2.0,1050.0
other,3.0,56.53,3.0,1200.0
other,3.0,92.0,3.0,1625.0
other,3.0,145.0,5.0,2100.0
other,2.0,110.0,3.0,1353.0
other,2.0,68.0,2.0,1200.0
other,2.0,70.0,3.0,1250.0
other,3.0,100.0,3.0,1600.0
other,1.0,22.0,1.0,540.0
other,2.0,55.0,2.0,1125.0
other,2.0,60.0,2.0,1013.0
other,3.0,77.0,3.0,1600.0
other,2.0,48.0,2.0,1190.0
other,2.0,53.0,2.0,1210.0
other,5.0,140.0,5.0,1600.0
other,1.0,55.0,2.0,930.0
other,2.0,50.11,2.0,1169.0
other,3.0,185.0,4.0,2400.0
other,2.0,85.0,3.0,1427.0
other,1.0,25.5,1.0,700.0
other,3.0,65.0,3.0,1450.0
other,4.0,190.0,4.0,3750.0
other,3.0,75.0,3.0,1500.0
other,3.0,54.0,3.0,1250.0
other,2.0,65.0,3.0,1425.0
other,3.0,150.0,3.0,1625.0
other,3.0,65.0,2.0,1300.0
other,3.0,80.5,3.0,1515.0
other,3.0,39.14,3.0,1115.0
other,2.0,70.0,3.0,1550.0
other,3.0,135.0,3.0,1650.0
other,2.0,68.0,2.0,925.0
other,2.0,46.41,2.0,1190.0
other,1.0,27.0,1.0,747.0
other,4.0,80.0,5.0,1000.0
other,3.0,95.0,3.0,1720.0
other,5.0,85.0,5.0,1200.0
other,2.0,52.0,2.0,1020.0
other,2.0,71.95,2.0,1290.0
other,2.0,52.0,2.0,1220.0
other,4.0,150.0,4.0,3150.0
other,5.0,75.0,5.0,2000.0
other,2.0,60.0,2.0,1220.0
other,5.0,250.0,4.0,5000.0
other,1.0,22.8,1.0,600.0
other,1.0,24.0,1.0,540.0
other,2.0,23.0,2.0,620.0
other,3.0,44.0,3.0,1250.0
other,3.0,108.0,3.0,2072.0
other,4.0,85.0,4.0,1200.0
other,7.0,130.0,7.0,1500.0
other,2.0,35.0,2.0,980.0
other,2.0,150.0,2.0,2700.0
other,2.0,45.0,3.0,1100.0
other,2.0,55.0,2.0,1260.0
other,4.0,110.0,4.0,1200.0
other,1.0,24.0,1.0,600.0
other,3.0,99.0,3.0,1770.0
other,3.0,130.0,3.0,1800.0
other,6.0,85.0,6.0,1200.0
other,5.0,150.0,5.0,2700.0
other,2.0,47.0,3.0,1340.0
other,3.0,77.0,3.0,1686.0
other,3.0,82.0,3.0,1654.0
other,2.0,50.0,2.0,1200.0
other,4.0,150.0,4.0,2400.0
other,3.0,102.0,3.0,1600.0
other,2.0,46.0,2.0,1088.0
other,2.0,45.0,2.0,1200.0
other,6.0,101.0,6.0,1800.0
other,2.0,65.0,2.0,1100.0
other,3.0,75.0,3.0,1200.0
other,1.0,20.0,1.0,450.0
other,2.0,52.33,3.0,1495.0
other,2.0,48.0,2.0,1162.0
other,1.0,22.5,1.0,540.0
other,4.0,62.0,5.0,900.0
other,6.0,101.0,6.0,1799.0
other,2.0,51.0,2.0,1084.0
other,3.0,85.0,3.0,1500.0
other,1.0,120.0,3.0,1350.0
other,3.0,90.0,3.0,1500.0
other,2.0,58.0,2.0,1075.0
other,3.0,68.0,3.0,1410.0
other,2.0,62.8,2.0,1256.0
other,3.0,79.99,3.0,1786.0
other,2.0,72.0,3.0,1369.0
other,2.0,94.28,2.0,1232.0
other,2.0,41.0,2.0,980.0
other,2.0,43.04,2.0,1025.0
other,3.0,230.0,4.0,2700.0
other,2.0,46.0,2.0,1125.0
other,2.0,45.0,2.0,1200.0
other,3.0,95.0,3.0,1830.0
other,2.0,65.0,3.0,1486.0
other,2.0,64.08,2.0,1100.0
other,5.0,140.0,6.0,1800.0
other,2.0,55.0,2.0,1090.0
other,3.0,140.0,3.0,1490.0
other,2.0,56.0,2.0,1330.0
other,1.0,130.0,2.0,1650.0
other,2.0,75.0,3.0,1480.0
other,9.0,75.0,9.0,1178.0
other,2.0,110.0,2.0,1353.0
other,2.0,63.93,3.0,1440.0
other,2.0,48.0,2.0,1075.0
outer ring road east,2.0,84.0,2.0,1198.0
outer ring road east,2.0,97.0,3.0,1500.0
padmanabhanagar,2.0,63.0,2.0,1020.0
padmanabhanagar,2.0,62.0,2.0,1176.0
padmanabhanagar,2.0,90.5,3.0,1708.0
padmanabhanagar,2.0,65.0,2.0,1100.0
padmanabhanagar,3.0,210.0,4.0,3400.0
padmanabhanagar,2.0,75.0,3.0,1531.0
padmanabhanagar,2.0,75.0,3.0,1360.0
padmanabhanagar,2.0,60.0,2.0,1200.0
padmanabhanagar,2.0,90.63,3.0,1710.0
padmanabhanagar,2.0,52.0,2.0,1067.0
padmanabhanagar,2.0,70.0,3.0,1250.0
padmanabhanagar,3.0,71.55,3.0,1350.0
padmanabhanagar,3.0,75.0,3.0,1360.0
padmanabhanagar,2.0,60.0,2.0,1100.0
pai layout,2.0,40.0,2.0,1050.0
pai layout,2.0,67.0,3.0,1400.0
pai layout,2.0,50.0,2.0,1100.0
pai layout,2.0,57.5,2.0,1400.0
pai layout,2.0,60.0,2.0,1175.0
pai layout,2.0,34.5,2.0,810.0
pai layout,2.0,42.0,2.0,1000.0
pai layout,6.0,175.0,6.0,3800.0
pai layout,2.0,48.0,2.0,1068.0
pai layout,2.0,65.0,3.0,1510.0
pai layout,2.0,58.0,3.0,1500.0
pai layout,2.0,65.0,3.0,1600.0
panathur,2.0,87.0,2.0,1359.0
panathur,2.0,77.0,2.0,1198.0
panathur,2.0,70.0,2.0,1180.0
panathur,3.0,99.0,3.0,1546.0
panathur,2.0,65.3,2.0,1000.0
panathur,2.0,63.0,2.0,1109.0
panathur,2.0,79.0,2.0,1255.0
panathur,2.0,80.0,2.0,1210.0
panathur,2.0,77.0,2.0,1210.0
panathur,1.0,40.0,1.0,661.0
panathur,2.0,78.0,2.0,1210.0
panathur,2.0,60.0,2.0,1050.0
panathur,2.0,64.0,2.0,1007.0
panathur,2.0,77.93,2.0,1210.0
panathur,2.0,80.0,2.0,1230.0
panathur,2.0,57.0,2.0,980.0
panathur,2.0,60.0,2.0,1075.0
panathur,2.0,69.0,2.0,1210.0
panathur,2.0,76.0,2.0,1343.0
parappana agrahara,2.0,47.0,2.0,1194.0
parappana agrahara,2.0,47.0,2.0,1194.0
parappana agrahara,2.0,46.0,2.0,1194.0
parappana agrahara,2.0,47.0,2.0,1194.0
parappana agrahara,2.0,46.0,2.0,1194.0
parappana agrahara,2.0,47.0,2.0,1194.0
parappana agrahara,2.0,47.0,2.0,1194.0
parappana agrahara,2.0,43.0,2.0,1092.0
parappana agrahara,2.0,46.0,2.0,1194.0
parappana agrahara,2.0,47.0,2.0,1194.0
parappana agrahara,2.0,47.0,2.0,1194.0
parappana agrahara,2.0,46.0,2.0,1194.0
parappana agrahara,2.0,46.0,2.0,1194.0
pattandur agrahara,2.0,80.0,3.0,1550.0
pattandur agrahara,2.0,59.8,2.0,1247.0
pattandur agrahara,2.0,42.0,2.0,900.0
pattandur agrahara,2.0,66.0,2.0,1302.0
pattandur agrahara,2.0,80.0,3.0,1550.0
pattandur agrahara,2.0,62.35,2.0,1247.0
pattandur agrahara,2.0,68.0,2.0,1350.0
peenya,2.0,49.9,2.0,966.0
peenya,3.0,110.0,3.0,1870.0
peenya,2.0,55.0,2.0,814.0
peenya,3.0,67.0,3.0,1286.0
peenya,2.0,49.0,2.0,966.0
peenya,2.0,50.0,2.0,966.0
poorna pragna layout,2.0,39.55,2.0,920.0
poorna pragna layout,2.0,58.99,3.0,1475.0
poorna pragna layout,2.0,50.79,3.0,1270.0
poorna pragna layout,2.0,46.39,2.0,1160.0
poorna pragna layout,2.0,50.79,3.0,1270.0
poorna pragna layout,2.0,50.79,3.0,1270.0
poorna pragna layout,2.0,58.25,3.0,1355.0
poorna pragna layout,2.0,58.27,3.0,1355.0
poorna pragna layout,2.0,58.99,3.0,1475.0
poorna pragna layout,2.0,50.79,3.0,1270.0
poorna pragna layout,2.0,46.39,2.0,1160.0
poorna pragna layout,2.0,50.79,3.0,1270.0
poorna pragna layout,2.0,46.39,2.0,1160.0
poorna pragna layout,2.0,58.99,3.0,1475.0
poorna pragna layout,2.0,50.79,3.0,1270.0
poorna pragna layout,2.0,50.79,3.0,1270.0
prithvi layout,4.0,162.0,4.0,2028.0
prithvi layout,2.0,87.5,2.0,1352.0
prithvi layout,2.0,68.0,2.0,1190.0
prithvi layout,2.0,85.0,2.0,1352.0
prithvi layout,2.0,75.0,2.0,1352.0
prithvi layout,3.0,93.0,2.0,1352.0
prithvi layout,3.0,125.0,3.0,2100.0
r.t. nagar,4.0,70.0,4.0,1500.0
r.t. nagar,2.0,120.0,2.0,1200.0
r.t. nagar,3.0,85.0,3.0,1560.0
r.t. nagar,2.0,65.0,2.0,1235.0
r.t. nagar,2.0,55.0,2.0,970.0
r.t. nagar,3.0,125.0,3.0,1560.0
r.t. nagar,2.0,60.0,2.0,1200.0
r.t. nagar,2.0,78.0,3.0,1400.0
r.t. nagar,2.0,72.0,2.0,1150.0
r.t. nagar,8.0,165.0,9.0,3600.0
r.t. nagar,3.0,120.0,4.0,1800.0
r.t. nagar,2.0,70.0,3.0,1500.0
r.t. nagar,2.0,85.0,2.0,1100.0
r.t. nagar,3.0,130.0,3.0,1667.0
rachenahalli,2.0,52.07,2.0,1050.0
rachenahalli,2.0,74.5,3.0,1530.0
rachenahalli,2.0,55.5,2.0,1050.0
rachenahalli,2.0,74.4,3.0,1530.0
rachenahalli,2.0,53.5,2.0,1050.0
rachenahalli,2.0,74.39,3.0,1530.0
rachenahalli,2.0,59.5,2.0,1220.0
rachenahalli,2.0,52.5,2.0,1050.0
rachenahalli,3.0,73.5,3.0,1550.0
rachenahalli,2.0,52.1,2.0,1050.0
rachenahalli,2.0,53.5,2.0,1050.0
rachenahalli,2.0,55.0,2.0,1113.0
rachenahalli,3.0,74.5,3.0,1550.0
rachenahalli,2.0,74.4,3.0,1530.0
rachenahalli,2.0,74.5,3.0,1530.0
rachenahalli,1.0,32.64,1.0,680.0
rachenahalli,1.0,19.8,1.0,412.5
rachenahalli,2.0,52.5,2.0,1050.0
rachenahalli,3.0,72.5,3.0,1550.0
rachenahalli,2.0,74.4,3.0,1530.0
rachenahalli,2.0,55.5,2.0,1050.0
rachenahalli,2.0,49.97,2.0,985.0
rachenahalli,2.0,52.5,2.0,1050.0
rachenahalli,2.0,52.08,2.0,1050.0
rachenahalli,3.0,72.5,3.0,1550.0
rachenahalli,2.0,52.07,2.0,1050.0
rachenahalli,2.0,74.4,3.0,1530.0
rachenahalli,2.0,52.08,2.0,1050.0
rachenahalli,2.0,49.97,2.0,985.0
rachenahalli,2.0,52.5,2.0,1050.0
rachenahalli,2.0,50.17,2.0,985.0
rachenahalli,2.0,73.5,3.0,1550.0
rachenahalli,2.0,50.17,2.0,985.0
rachenahalli,2.0,52.71,2.0,1050.0
raja rajeshwari nagar,3.0,60.0,3.0,1540.0
raja rajeshwari nagar,3.0,57.39,3.0,1693.0
raja rajeshwari nagar,2.0,43.9,2.0,1295.0
raja rajeshwari nagar,2.0,45.79,2.0,1145.0
raja rajeshwari nagar,2.0,48.1,2.0,1419.0
raja rajeshwari nagar,2.0,55.47,2.0,1295.0
raja rajeshwari nagar,2.0,49.07,2.0,1133.0
raja rajeshwari nagar,2.0,42.0,2.0,1090.0
raja rajeshwari nagar,2.0,49.39,2.0,1140.0
raja rajeshwari nagar,2.0,55.79,2.0,1303.0
raja rajeshwari nagar,1.0,22.0,1.0,600.0
raja rajeshwari nagar,2.0,53.76,3.0,1278.0
raja rajeshwari nagar,1.0,25.0,1.0,500.0
raja rajeshwari nagar,2.0,38.65,2.0,1143.0
raja rajeshwari nagar,3.0,74.0,3.0,1610.0
raja rajeshwari nagar,3.0,57.39,3.0,1693.0
raja rajeshwari nagar,2.0,63.53,2.0,1258.0
raja rajeshwari nagar,2.0,38.24,2.0,1128.0
raja rajeshwari nagar,2.0,53.8,2.0,1157.0
raja rajeshwari nagar,2.0,47.39,2.0,1185.0
raja rajeshwari nagar,3.0,57.0,3.0,1530.0
raja rajeshwari nagar,3.0,61.2,3.0,1530.0
raja rajeshwari nagar,2.0,50.0,2.0,1030.0
raja rajeshwari nagar,2.0,51.51,2.0,1196.0
raja rajeshwari nagar,2.0,55.91,2.0,1306.0
raja rajeshwari nagar,3.0,67.98,3.0,1608.0
raja rajeshwari nagar,3.0,51.87,3.0,1530.0
raja rajeshwari nagar,2.0,78.0,3.0,1575.0
raja rajeshwari nagar,2.0,39.02,2.0,1151.0
raja rajeshwari nagar,2.0,65.0,3.0,1570.0
raja rajeshwari nagar,3.0,53.56,3.0,1580.0
raja rajeshwari nagar,2.0,51.15,2.0,1196.0
raja rajeshwari nagar,2.0,48.0,2.0,1419.0
raja rajeshwari nagar,2.0,62.4,3.0,1560.0
raja rajeshwari nagar,1.0,31.75,1.0,648.0
raja rajeshwari nagar,2.0,55.0,2.0,1100.0
raja rajeshwari nagar,2.0,38.55,2.0,1140.0
raja rajeshwari nagar,2.0,43.59,2.0,1090.0
raja rajeshwari nagar,3.0,51.77,3.0,1530.0
raja rajeshwari nagar,2.0,42.0,2.0,1023.0
raja rajeshwari nagar,2.0,50.0,2.0,1070.0
raja rajeshwari nagar,2.0,59.0,3.0,1510.0
raja rajeshwari nagar,8.0,225.0,8.0,4800.0
raja rajeshwari nagar,2.0,48.79,2.0,1128.0
raja rajeshwari nagar,2.0,42.85,2.0,1267.0
raja rajeshwari nagar,1.0,21.0,1.0,550.0
raja rajeshwari nagar,2.0,37.95,2.0,1120.0
raja rajeshwari nagar,2.0,45.0,2.0,1210.0
raja rajeshwari nagar,2.0,53.27,2.0,1240.0
raja rajeshwari nagar,2.0,45.0,2.0,1165.0
raja rajeshwari nagar,2.0,37.97,2.0,1120.0
raja rajeshwari nagar,2.0,38.65,2.0,1140.0
raja rajeshwari nagar,2.0,38.33,2.0,1095.0
raja rajeshwari nagar,2.0,60.0,3.0,1420.0
raja rajeshwari nagar,2.0,44.17,2.0,1303.0
raja rajeshwari nagar,3.0,53.56,3.0,1580.0
raja rajeshwari nagar,2.0,40.17,2.0,1185.0
raja rajeshwari nagar,2.0,49.27,2.0,1140.0
raja rajeshwari nagar,2.0,50.0,3.0,1430.0
raja rajeshwari nagar,2.0,38.33,2.0,1095.0
raja rajeshwari nagar,3.0,57.6,3.0,1280.0
raja rajeshwari nagar,2.0,55.79,2.0,1303.0
raja rajeshwari nagar,2.0,38.41,2.0,1133.0
raja rajeshwari nagar,2.0,49.0,2.0,1151.0
raja rajeshwari nagar,2.0,54.35,2.0,1267.0
raja rajeshwari nagar,3.0,52.45,3.0,1550.0
raja rajeshwari nagar,2.0,50.0,2.0,1100.0
raja rajeshwari nagar,2.0,40.17,2.0,1185.0
raja rajeshwari nagar,3.0,72.0,3.0,1751.0
raja rajeshwari nagar,2.0,44.17,2.0,1306.0
raja rajeshwari nagar,2.0,40.44,2.0,1196.0
raja rajeshwari nagar,2.0,40.0,2.0,1128.0
raja rajeshwari nagar,2.0,39.0,2.0,1151.0
raja rajeshwari nagar,2.0,54.99,3.0,1375.0
raja rajeshwari nagar,2.0,48.0,2.0,1060.0
raja rajeshwari nagar,6.0,195.0,6.0,3900.0
raja rajeshwari nagar,2.0,48.79,2.0,1128.0
raja rajeshwari nagar,2.0,48.0,3.0,1400.0
raja rajeshwari nagar,2.0,50.0,2.0,1170.0
raja rajeshwari nagar,2.0,51.15,2.0,1185.0
raja rajeshwari nagar,2.0,53.87,2.0,1255.0
raja rajeshwari nagar,2.0,60.42,2.0,1419.0
raja rajeshwari nagar,3.0,71.38,3.0,1693.0
raja rajeshwari nagar,2.0,40.54,2.0,1196.0
raja rajeshwari nagar,2.0,40.54,2.0,1196.0
raja rajeshwari nagar,3.0,60.65,3.0,1630.0
raja rajeshwari nagar,3.0,51.77,3.0,1531.0
raja rajeshwari nagar,2.0,38.37,2.0,1133.0
raja rajeshwari nagar,2.0,48.7,2.0,1140.0
raja rajeshwari nagar,2.0,38.65,2.0,1140.0
raja rajeshwari nagar,2.0,38.55,2.0,1140.0
raja rajeshwari nagar,2.0,55.47,2.0,1295.0
raja rajeshwari nagar,2.0,40.0,2.0,1133.0
raja rajeshwari nagar,2.0,55.0,3.0,1510.0
raja rajeshwari nagar,2.0,52.0,2.0,1110.0
raja rajeshwari nagar,3.0,54.51,3.0,1608.0
raja rajeshwari nagar,3.0,51.04,3.0,1500.0
raja rajeshwari nagar,2.0,51.15,2.0,1185.0
raja rajeshwari nagar,2.0,43.9,2.0,1295.0
raja rajeshwari nagar,2.0,53.76,3.0,1279.0
raja rajeshwari nagar,2.0,40.54,2.0,1196.0
raja rajeshwari nagar,2.0,42.04,2.0,1240.0
raja rajeshwari nagar,3.0,64.0,3.0,1530.0
raja rajeshwari nagar,3.0,73.8,3.0,1587.0
raja rajeshwari nagar,3.0,51.77,3.0,1529.0
raja rajeshwari nagar,2.0,55.47,2.0,1295.0
raja rajeshwari nagar,2.0,67.0,3.0,1450.0
raja rajeshwari nagar,2.0,45.0,2.0,945.0
raja rajeshwari nagar,2.0,55.78,2.0,1303.0
raja rajeshwari nagar,2.0,48.1,2.0,1419.0
raja rajeshwari nagar,2.0,86.0,3.0,1700.0
raja rajeshwari nagar,2.0,62.0,2.0,1270.0
raja rajeshwari nagar,2.0,62.0,3.0,1260.0
raja rajeshwari nagar,2.0,40.54,2.0,1196.0
raja rajeshwari nagar,2.0,66.85,3.0,1580.0
raja rajeshwari nagar,2.0,37.0,2.0,1050.0
raja rajeshwari nagar,2.0,40.54,2.0,1196.0
raja rajeshwari nagar,2.0,50.0,2.0,1000.0
raja rajeshwari nagar,2.0,63.0,3.0,1485.0
raja rajeshwari nagar,2.0,56.0,3.0,1335.0
raja rajeshwari nagar,3.0,53.12,3.0,1571.0
raja rajeshwari nagar,2.0,42.54,2.0,1255.0
raja rajeshwari nagar,3.0,64.86,3.0,1530.0
raja rajeshwari nagar,2.0,44.0,2.0,1140.0
raja rajeshwari nagar,8.0,215.0,8.0,6000.0
raja rajeshwari nagar,2.0,39.0,2.0,1140.0
raja rajeshwari nagar,1.0,22.0,1.0,510.0
raja rajeshwari nagar,2.0,40.14,2.0,1187.0
rajaji nagar,3.0,229.0,3.0,1640.0
rajaji nagar,4.0,540.0,4.0,3516.0
rajaji nagar,3.0,223.0,3.0,1640.0
rajaji nagar,4.0,492.0,4.0,3526.0
rajaji nagar,4.0,558.0,4.0,3526.0
rajaji nagar,3.0,260.0,3.0,1800.0
rajaji nagar,3.0,241.0,3.0,1640.0
rajaji nagar,2.0,170.0,2.0,1370.0
rajaji nagar,3.0,360.0,3.0,2409.0
rajaji nagar,6.0,475.0,4.0,3436.0
rajaji nagar,3.0,334.0,3.0,2386.0
rajaji nagar,6.0,500.0,4.0,3436.0
rajaji nagar,2.0,150.0,2.0,1200.0
rajaji nagar,1.0,163.0,2.0,1160.0
rajaji nagar,2.0,170.0,2.0,1440.0
rajaji nagar,3.0,400.0,3.0,2448.0
rajaji nagar,2.0,185.0,2.0,1440.0
rajaji nagar,3.0,230.0,3.0,1640.0
rajaji nagar,2.0,250.0,3.0,1800.0
rajaji nagar,3.0,369.0,3.0,2300.0
rajaji nagar,3.0,220.0,3.0,1640.0
rajaji nagar,3.0,350.0,3.0,2500.0
rajaji nagar,3.0,403.0,3.0,2559.0
rajaji nagar,4.0,140.0,5.0,900.0
rajaji nagar,3.0,262.0,2.0,1763.0
rajaji nagar,3.0,220.0,3.0,1640.0
rajaji nagar,3.0,320.0,5.0,2400.0
rajaji nagar,3.0,240.0,3.0,1800.0
rajaji nagar,2.0,65.0,2.0,432.0
rajaji nagar,3.0,330.0,3.0,2450.0
rajaji nagar,3.0,262.0,3.0,1640.0
rajaji nagar,1.0,200.0,2.0,1200.0
rajaji nagar,3.0,375.0,3.0,2367.0
rajaji nagar,3.0,251.0,3.0,1640.0
rajaji nagar,3.0,268.0,3.0,1640.0
rajaji nagar,4.0,340.0,3.0,2367.0
rajaji nagar,3.0,224.0,3.0,1720.0
rajaji nagar,5.0,510.0,5.0,3600.0
rajaji nagar,3.0,340.0,3.0,2500.0
rajaji nagar,3.0,372.0,3.0,2390.0
rajaji nagar,3.0,399.0,3.0,2415.0
rajaji nagar,10.0,180.0,8.0,1200.0
rajaji nagar,3.0,275.0,2.0,1718.0
rajaji nagar,3.0,240.0,2.0,1763.0
rajaji nagar,3.0,320.0,3.0,2367.0
rajaji nagar,3.0,395.0,3.0,2409.0
rajaji nagar,3.0,245.0,3.0,1640.0
rajiv gandhi nagar,2.0,68.0,2.0,1170.0
rajiv gandhi nagar,2.0,75.0,2.0,1293.0
rajiv nagar,4.0,148.0,4.0,2340.0
rajiv nagar,2.0,93.0,2.0,1330.0
rajiv nagar,2.0,80.0,2.0,1309.0
rajiv nagar,4.0,145.0,4.0,2340.0
rajiv nagar,5.0,160.0,4.0,2340.0
ramagondanahalli,2.0,48.77,2.0,1151.0
ramagondanahalli,2.0,47.0,2.0,1251.0
ramagondanahalli,2.0,52.04,2.0,1235.0
ramagondanahalli,1.0,30.0,1.0,540.0
ramagondanahalli,3.0,62.0,3.0,1635.0
ramagondanahalli,2.0,46.8,2.0,1235.0
ramagondanahalli,2.0,51.26,2.0,1215.0
ramagondanahalli,2.0,47.4,2.0,1251.0
ramagondanahalli,4.0,155.0,4.0,2800.0
ramagondanahalli,2.0,52.66,2.0,1253.0
ramagondanahalli,2.0,50.5,2.0,1151.0
ramagondanahalli,2.0,49.3,2.0,1235.0
ramagondanahalli,3.0,60.44,3.0,1451.0
ramagondanahalli,2.0,46.1,2.0,1215.0
ramagondanahalli,2.0,63.0,3.0,1475.0
ramagondanahalli,2.0,50.0,2.0,1251.0
ramagondanahalli,2.0,43.6,2.0,1151.0
ramagondanahalli,2.0,53.0,2.0,1251.0
ramagondanahalli,2.0,45.82,2.0,845.0
ramagondanahalli,2.0,76.0,3.0,1738.0
ramagondanahalli,3.0,114.0,3.0,2040.0
ramagondanahalli,3.0,150.0,3.0,3350.0
ramagondanahalli,2.0,46.0,2.0,1151.0
ramagondanahalli,3.0,56.1,3.0,1200.0
ramagondanahalli,2.0,75.0,2.0,1125.0
ramagondanahalli,3.0,100.0,3.0,1500.0
ramagondanahalli,2.0,68.0,3.0,1680.0
ramakrishnappa layout,4.0,290.0,3.0,2770.0
ramakrishnappa layout,2.0,185.0,2.0,1500.0
ramakrishnappa layout,5.0,720.0,5.0,6200.0
ramakrishnappa layout,4.0,315.0,3.0,2770.0
ramakrishnappa layout,2.0,70.0,1.0,630.0
ramamurthy nagar,4.0,225.0,4.0,3700.0
ramamurthy nagar,5.0,150.0,5.0,3500.0
ramamurthy nagar,2.0,50.0,2.0,1040.0
ramamurthy nagar,3.0,75.0,3.0,1600.0
ramamurthy nagar,3.0,72.0,2.0,1200.0
ramamurthy nagar,2.0,50.79,2.0,950.0
ramamurthy nagar,2.0,66.0,3.0,1200.0
ramamurthy nagar,3.0,100.0,3.0,1525.0
ramamurthy nagar,2.0,80.0,2.0,1200.0
ramamurthy nagar,3.0,65.0,3.0,1515.0
ramamurthy nagar,2.0,68.0,2.0,1100.0
ramamurthy nagar,2.0,45.5,2.0,1185.0
ramamurthy nagar,2.0,46.8,2.0,1170.0
ramamurthy nagar,2.0,51.0,2.0,1150.0
ramamurthy nagar,2.0,48.0,2.0,1200.0
ramamurthy nagar,3.0,150.0,3.0,3600.0
ramamurthy nagar,2.0,65.0,2.0,1110.0
ramamurthy nagar,2.0,56.4,3.0,1410.0
ramamurthy nagar,2.0,78.0,2.0,1200.0
ramamurthy nagar,2.0,41.0,3.0,1000.0
ramamurthy nagar,2.0,57.0,2.0,1006.0
ramamurthy nagar,2.0,76.0,2.0,1200.0
ramamurthy nagar,2.0,52.0,3.0,1300.0
ramamurthy nagar,3.0,75.0,3.0,1600.0
ramamurthy nagar,2.0,33.0,2.0,700.0
ramamurthy nagar,2.0,47.0,2.0,1125.0
ramamurthy nagar,2.0,62.0,2.0,1000.0
ramamurthy nagar,2.0,67.0,2.0,1334.0
ramamurthy nagar,2.0,46.0,2.0,1200.0
ramamurthy nagar,2.0,57.9,2.0,1200.0
ramamurthy nagar,3.0,60.0,3.0,1305.0
ramamurthy nagar,4.0,130.0,4.0,2200.0
ramamurthy nagar,2.0,51.66,2.0,1050.0
ramamurthy nagar,3.0,125.0,3.0,2316.0
ramamurthy nagar,2.0,50.0,2.0,1101.0
ramamurthy nagar,2.0,39.0,2.0,935.0
ramamurthy nagar,2.0,68.0,2.0,1200.0
ramamurthy nagar,1.0,35.0,1.0,540.0
rayasandra,2.0,63.0,3.0,1314.0
rayasandra,2.0,44.95,2.0,1065.0
rayasandra,3.0,75.0,3.0,1708.0
rayasandra,3.0,67.0,3.0,1577.0
rayasandra,2.0,57.0,2.0,1253.0
rayasandra,1.0,26.9,1.0,583.0
rayasandra,2.0,54.0,2.0,1198.0
rayasandra,3.0,75.17,3.0,1555.0
rayasandra,2.0,55.0,3.0,1179.0
rayasandra,3.0,70.0,3.0,1601.0
rayasandra,3.0,76.0,4.0,1708.0
rayasandra,1.0,21.0,1.0,470.0
rayasandra,2.0,59.0,3.0,1357.0
reliaable tranquil layout,3.0,77.0,3.0,1508.0
richards town,3.0,160.0,3.0,1550.0
richards town,2.0,85.0,2.0,800.0
richards town,5.0,400.0,4.0,3600.0
richmond town,4.0,240.0,3.0,2150.0
richmond town,3.0,135.0,3.0,1352.0
richmond town,3.0,175.0,3.0,1835.0
richmond town,4.0,242.0,4.0,2380.0
rmv 2nd stage,3.0,700.0,3.0,4470.0
roopena agrahara,2.0,53.55,2.0,955.0
roopena agrahara,1.0,42.0,1.0,910.0
rustam bagh layout,2.0,86.0,2.0,1170.0
rustam bagh layout,2.0,50.0,2.0,800.0
rustam bagh layout,2.0,86.0,2.0,1170.0
sadashiva nagar,3.0,660.0,3.0,3761.0
sadashiva nagar,5.0,480.0,4.0,2780.0
sadashiva nagar,4.0,485.0,4.0,2720.0
sadashiva nagar,3.0,650.0,3.0,3761.0
sahakara nagar,3.0,195.0,4.0,2830.0
sahakara nagar,2.0,95.0,3.0,1500.0
sahakara nagar,2.0,56.0,2.0,1100.0
sahakara nagar,2.0,75.0,3.0,1100.0
sahakara nagar,3.0,115.0,3.0,1655.0
sahakara nagar,2.0,54.0,2.0,1150.0
sahakara nagar,2.0,69.85,2.0,1270.0
sahakara nagar,2.0,56.0,2.0,960.0
sahakara nagar,2.0,50.0,2.0,1048.0
sahakara nagar,2.0,55.0,2.0,1160.0
sahakara nagar,2.0,75.0,3.0,1200.0
sahakara nagar,2.0,55.0,2.0,1100.0
sahakara nagar,2.0,60.0,2.0,1000.0
sahakara nagar,2.0,90.0,3.0,1370.0
sahakara nagar,2.0,55.0,2.0,1100.0
sahakara nagar,2.0,75.0,3.0,1100.0
sahakara nagar,2.0,72.0,2.0,1180.0
sahakara nagar,2.0,60.0,2.0,1200.0
sahakara nagar,2.0,96.0,2.0,1270.0
sahakara nagar,2.0,80.0,2.0,1201.0
sahakara nagar,2.0,72.3,2.0,1291.0
samethanahalli,2.0,38.0,2.0,799.0
sanjay nagar,2.0,70.0,2.0,1000.0
sanjay nagar,2.0,72.2,2.0,1150.0
sanjay nagar,1.0,35.0,2.0,630.0
sanjay nagar,3.0,250.0,5.0,3300.0
sanjay nagar,2.0,90.0,2.0,1575.0
sanjay nagar,2.0,76.0,3.0,1200.0
sanjay nagar,2.0,55.0,2.0,960.0
sanjay nagar,2.0,59.0,2.0,1050.0
sanjay nagar,2.0,70.0,2.0,1150.0
sanjay nagar,2.0,80.0,2.0,1180.0
sarakki nagar,4.0,253.0,3.0,2121.0
sarakki nagar,3.0,260.0,3.0,2289.0
sarakki nagar,3.0,128.0,3.0,1200.0
sarakki nagar,4.0,349.0,4.0,3131.0
sarakki nagar,5.0,345.0,4.0,3126.0
sarakki nagar,6.0,349.0,4.0,3124.0
sarjapur,3.0,75.0,3.0,1600.0
sarjapur,2.0,43.49,2.0,1242.5
sarjapur,2.0,32.0,2.0,913.0
sarjapur,2.0,47.0,2.0,1185.0
sarjapur,2.0,42.0,3.0,900.0
sarjapur,2.0,35.0,2.0,1020.0
sarjapur,2.0,42.0,2.0,1195.0
sarjapur,2.0,44.0,2.0,1240.0
sarjapur,2.0,65.0,4.0,1550.0
sarjapur,2.0,32.5,2.0,950.0
sarjapur,2.0,48.0,3.0,1525.0
sarjapur,3.0,160.0,4.0,3190.0
sarjapur,2.0,40.0,2.0,1215.0
sarjapur,4.0,115.0,4.0,2540.0
sarjapur,2.0,30.0,2.0,1000.0
sarjapur,2.0,40.0,2.0,1157.0
sarjapur,3.0,85.0,3.0,2020.0
sarjapur,3.0,60.0,4.0,1917.0
sarjapur,2.0,44.3,2.0,1240.0
sarjapur,1.0,19.0,1.0,625.0
sarjapur,2.0,36.0,2.0,913.0
sarjapur,2.0,53.35,3.0,1404.0
sarjapur,3.0,88.0,3.0,1830.0
sarjapur,2.0,56.0,3.0,1364.0
sarjapur,2.0,32.0,2.0,1044.0
sarjapur,1.0,19.87,1.0,650.0
sarjapur,2.0,42.0,2.0,1175.0
sarjapur,2.0,43.1,2.0,1240.0
sarjapur,2.0,35.41,3.0,1170.0
sarjapur,2.0,42.0,2.0,1032.0
sarjapur,1.0,20.0,2.0,535.0
sarjapur,2.0,34.0,2.0,1044.0
sarjapur,2.0,27.98,2.0,900.0
sarjapur,3.0,130.0,4.0,2970.0
sarjapur,2.0,32.0,2.0,850.0
sarjapur,2.0,41.68,2.0,1175.0
sarjapur,3.0,55.0,3.0,1575.0
sarjapur,2.0,33.0,2.0,920.0
sarjapur,3.0,50.0,3.0,1445.0
sarjapur,2.0,41.0,2.0,1150.0
sarjapur,2.0,42.6,2.0,1200.0
sarjapur,3.0,50.0,3.0,1333.0
sarjapur,2.0,36.0,2.0,1044.0
sarjapur,2.0,35.0,2.0,950.0
sarjapur,4.0,115.0,4.0,2585.5
sarjapur,3.0,100.0,3.0,2172.0
sarjapur,2.0,68.0,3.0,1525.0
sarjapur,2.0,45.0,2.0,1095.0
sarjapur,3.0,57.0,3.0,1425.0
sarjapur road,3.0,140.0,3.0,2497.0
sarjapur road,3.0,98.29,3.0,1787.0
sarjapur road,3.0,125.0,3.0,1787.0
sarjapur road,2.0,49.2,2.0,1035.0
sarjapur road,3.0,104.0,4.0,1863.0
sarjapur road,2.0,67.0,2.0,1000.0
sarjapur road,2.0,74.03,2.0,1346.0
sarjapur road,2.0,70.0,2.0,1195.0
sarjapur road,3.0,100.0,3.0,1550.0
sarjapur road,3.0,125.0,3.0,2100.0
sarjapur road,2.0,58.0,2.0,1210.0
sarjapur road,3.0,113.0,3.0,1691.0
sarjapur road,3.0,140.0,3.0,2238.0
sarjapur road,3.0,110.0,3.0,1800.0
sarjapur road,2.0,59.0,2.0,1128.0
sarjapur road,3.0,110.0,3.0,1700.0
sarjapur road,2.0,75.0,3.0,1157.0
sarjapur road,2.0,72.0,2.0,1282.0
sarjapur road,6.0,228.5,4.0,3430.0
sarjapur road,2.0,62.0,2.0,1050.0
sarjapur road,3.0,119.0,3.0,1691.0
sarjapur road,4.0,103.0,3.0,1929.0
sarjapur road,2.0,58.0,2.0,1155.0
sarjapur road,3.0,100.0,3.0,1819.0
sarjapur road,4.0,110.0,3.0,1845.0
sarjapur road,2.0,77.65,2.0,1233.0
sarjapur road,4.0,242.0,4.0,4395.0
sarjapur road,3.0,112.0,3.0,1680.0
sarjapur road,3.0,58.0,3.0,1220.0
sarjapur road,2.0,78.0,2.0,1311.0
sarjapur road,2.0,75.0,3.0,1157.0
sarjapur road,3.0,115.0,3.0,1929.0
sarjapur road,2.0,75.0,2.0,1145.0
sarjapur road,2.0,70.0,3.0,1300.0
sarjapur road,3.0,90.0,3.0,1725.0
sarjapur road,2.0,55.0,2.0,1084.0
sarjapur road,3.0,62.0,3.0,1220.0
sarjapur road,3.0,110.0,3.0,1750.0
sarjapur road,4.0,95.0,3.0,1888.0
sarjapur road,3.0,70.0,3.0,1200.0
sarjapur road,5.0,385.0,5.0,5965.0
sarjapur road,1.0,40.0,1.0,685.0
sarjapur road,2.0,82.0,2.0,1241.0
sarjapur road,2.0,45.91,2.0,984.0
sarjapur road,2.0,68.0,2.0,1400.0
sarjapur road,1.0,46.95,1.0,835.0
sarjapur road,2.0,76.0,2.0,1280.0
sarjapur road,2.0,78.0,2.0,1263.0
sarjapur road,3.0,98.0,3.0,1691.0
sarjapur road,2.0,83.0,2.0,1308.0
sarjapur road,3.0,91.0,3.0,1592.0
sarjapur road,2.0,77.0,2.0,1150.0
sarjapur road,3.0,120.0,3.0,1965.0
sarjapur road,2.0,49.0,2.0,985.0
sarjapur road,2.0,78.0,2.0,1418.0
sarjapur road,2.0,60.0,2.0,1115.0
sarjapur road,2.0,87.0,3.0,1525.0
sarjapur road,2.0,71.32,2.0,1346.0
sarjapur road,3.0,99.0,3.0,1750.0
sarjapur road,2.0,62.0,2.0,1145.0
sarjapur road,3.0,88.0,3.0,1500.0
sarjapur road,3.0,97.0,3.0,1636.0
sarjapur road,2.0,60.0,2.0,1067.0
sarjapur road,3.0,95.0,3.0,1700.0
sarjapur road,2.0,65.0,2.0,1230.0
sarjapur road,3.0,98.0,3.0,1939.0
sarjapur road,3.0,169.0,3.0,2556.0
sarjapur road,2.0,90.0,2.0,1278.0
sarjapur road,2.0,45.91,2.0,984.0
sarjapur road,3.0,122.0,3.0,1755.0
sarjapur road,3.0,93.5,3.0,1700.0
sarjapur road,2.0,55.0,2.0,1060.0
sarjapur road,2.0,98.0,3.0,1455.0
sarjapur road,3.0,130.0,3.0,1826.0
sarjapur road,3.0,58.0,3.0,1220.0
sarjapur road,2.0,116.0,3.0,1660.0
sarjapur road,3.0,108.0,3.0,1700.0
sarjapur road,3.0,85.0,3.0,1539.0
sarjapur road,2.0,82.0,3.0,1489.0
sarjapur road,2.0,75.0,2.0,1200.0
sarjapur road,3.0,183.0,3.0,3044.0
sarjapur road,2.0,62.0,3.0,1163.0
sarjapur road,4.0,158.0,3.0,3004.0
sarjapur road,2.0,70.0,2.0,1229.0
sarjapur road,2.0,70.0,2.0,1342.0
sarjapur road,3.0,110.0,3.0,1711.0
sarjapur road,3.0,57.0,3.0,1220.0
sarjapur road,2.0,63.5,2.0,1050.0
sarjapur road,2.0,49.0,2.0,1035.0
sarjapur road,3.0,85.0,3.0,1457.0
sarjapur road,2.0,68.0,2.0,1350.0
sarjapur road,3.0,70.0,3.0,1200.0
sarjapur road,2.0,53.99,3.0,1157.0
sarjapur road,3.0,79.9,3.0,1700.0
sarjapur road,2.0,55.0,2.0,984.0
sarjapur road,3.0,105.0,4.0,1864.0
sarjapur road,2.0,57.84,3.0,1157.0
sarjapur road,3.0,90.0,4.0,1800.0
sarjapur road,6.0,385.0,5.0,7800.0
sarjapur road,2.0,89.0,3.0,1550.0
sarjapur road,3.0,113.0,3.0,1691.0
sarjapur road,3.0,90.0,3.0,1435.0
sarjapur road,2.0,67.0,2.0,1262.0
sarjapur road,3.0,125.0,3.0,1826.0
sarjapur road,3.0,116.0,3.0,1660.0
sarjapur road,2.0,50.0,2.0,1060.0
sarjapur road,3.0,119.0,3.0,1830.0
sarjapur road,2.0,45.91,2.0,984.0
sarjapur road,4.0,101.0,3.0,1929.0
sarjapur road,2.0,68.0,2.0,1059.0
sarjapur road,2.0,74.0,3.0,1157.0
sarjapur road,3.0,118.0,3.0,1700.0
sarjapur road,3.0,120.0,3.0,1691.0
sarjapur road,3.0,103.0,3.0,1929.0
sarjapur road,2.0,75.0,2.0,1308.0
sarjapur road,4.0,95.0,3.0,1797.0
sarjapur road,3.0,98.0,3.0,1763.25
sarjapur road,3.0,130.0,3.0,1826.0
sarjapur road,2.0,98.0,3.0,1550.0
sarjapur road,2.0,75.0,3.0,1450.0
sarjapur road,3.0,100.0,3.0,1819.0
sarjapur road,2.0,59.0,2.0,984.0
sarjapur road,3.0,88.0,3.0,1489.0
sarjapur road,2.0,75.0,2.0,1242.0
sarjapur road,3.0,135.0,3.0,2100.0
sarjapur road,3.0,93.5,3.0,1700.0
sarjapur road,4.0,110.0,3.0,1862.0
sarjapur road,3.0,116.0,3.0,1787.0
sarjapur road,3.0,93.01,3.0,1691.0
sarjapur road,2.0,56.0,2.0,1028.0
sarjapur road,4.0,242.0,4.0,4395.0
sarjapur road,2.0,65.0,3.0,1181.0
sarjapur road,3.0,100.0,3.0,1691.0
sarjapur road,2.0,60.55,2.0,1026.0
sarjapur road,2.0,85.0,2.0,1350.0
sarjapur road,2.0,72.0,3.0,1157.0
sarjapur road,2.0,62.0,2.0,1019.0
sarjapur road,3.0,235.0,4.0,3418.0
sarjapur road,2.0,55.0,2.0,1130.0
sarjapur road,2.0,67.38,2.0,1346.0
sarjapur road,2.0,45.91,2.0,984.0
sarjapur road,2.0,74.03,2.0,1346.0
sarjapur road,3.0,119.0,3.0,1691.0
sarjapur road,2.0,95.0,2.0,1335.0
sarjapur road,2.0,68.0,3.0,1222.0
sarjapur road,4.0,225.0,4.0,3420.0
sarjapur road,2.0,78.0,2.0,1242.0
sarjapur road,2.0,69.0,2.0,1129.0
sarjapur road,2.0,75.0,3.0,1157.0
sarjapur road,2.0,74.0,2.0,1323.0
sarjapur road,2.0,70.44,3.0,1314.0
sarjapur road,3.0,130.0,3.0,2100.0
sarjapur road,1.0,35.8,1.0,702.0
sarjapur road,2.0,76.0,2.0,1275.0
sarjapur road,3.0,128.0,3.0,1800.0
sarjapur road,2.0,60.8,2.0,1026.0
sarjapur road,2.0,70.0,2.0,1216.0
sarjapur road,2.0,62.0,2.0,1112.0
sarjapur road,2.0,60.0,2.0,1273.0
sarjapur road,2.0,69.0,3.0,1157.0
sarjapur road,2.0,60.8,2.0,1026.0
sarjapur road,2.0,70.0,2.0,1370.0
sarjapur road,2.0,74.03,2.0,1346.0
sarjapur road,1.0,26.0,1.0,475.0
sarjapur road,2.0,56.86,2.0,1197.0
sarjapur road,2.0,116.0,3.0,1660.0
sarjapur road,2.0,57.0,2.0,1194.0
sarjapur road,2.0,45.75,2.0,984.0
sarjapur road,2.0,69.61,2.0,1346.0
sarjapur road,3.0,148.0,3.0,2089.0
sarjapur road,3.0,98.38,3.0,1612.0
sarjapur road,2.0,88.0,2.0,1290.0
sarjapur road,2.0,86.0,2.0,1371.0
sarjapur road,3.0,139.0,3.0,2140.0
sarjapur road,2.0,55.0,2.0,1044.0
sarjapur road,3.0,85.0,3.0,1600.0
sarjapur road,3.0,119.0,3.0,1691.0
sarjapur road,2.0,69.5,2.0,1309.0
sarjapur road,3.0,100.0,3.0,1691.0
sarjapur road,2.0,64.0,2.0,1182.0
sarjapur road,2.0,80.0,2.0,1367.0
sarjapur road,3.0,78.0,3.0,1565.0
sarjapur road,4.0,242.0,4.0,4395.0
sarjapur road,2.0,74.03,2.0,1346.0
sarjapur road,2.0,58.0,2.0,1112.0
sarjapur road,2.0,75.0,2.0,1340.0
sarjapur road,3.0,89.0,3.0,1850.0
sarjapur road,2.0,70.0,2.0,1132.0
sarjapura - attibele road,2.0,48.0,3.0,1330.0
sarjapura - attibele road,2.0,45.95,3.0,1329.0
sarjapura - attibele road,3.0,85.0,3.0,2400.0
sarjapura - attibele road,3.0,52.0,3.0,1676.0
sarjapura - attibele road,2.0,37.0,2.0,1308.0
sarjapura - attibele road,2.0,31.77,2.0,1073.0
sarjapura - attibele road,2.0,49.0,3.0,1330.0
sarjapura - attibele road,2.0,37.0,2.0,1090.0
sarjapura - attibele road,2.0,36.0,2.0,1126.0
sarjapura - attibele road,1.0,23.65,1.0,740.0
sarjapura - attibele road,3.0,52.0,3.0,1555.0
sathya sai layout,6.0,660.0,4.0,6652.0
sathya sai layout,6.0,700.0,4.0,6688.0
sector 1 hsr layout,3.0,155.0,3.0,1840.0
sector 1 hsr layout,3.0,150.0,3.0,1533.0
sector 1 hsr layout,1.0,276.0,1.0,6000.0
sector 1 hsr layout,3.0,150.0,3.0,1804.0
sector 1 hsr layout,3.0,83.0,3.0,1720.0
sector 1 hsr layout,3.0,86.0,3.0,1684.0
sector 2 hsr layout,2.0,75.0,2.0,1296.0
sector 2 hsr layout,1.0,60.0,1.0,794.0
sector 2 hsr layout,2.0,65.0,2.0,1143.0
sector 2 hsr layout,3.0,110.0,3.0,1665.0
sector 2 hsr layout,3.0,80.0,3.0,1512.0
sector 2 hsr layout,2.0,101.0,2.0,1332.0
sector 2 hsr layout,3.0,90.0,3.0,1600.0
sector 2 hsr layout,2.0,66.0,2.0,1231.0
sector 7 hsr layout,5.0,275.0,4.0,3000.0
sector 7 hsr layout,2.0,98.86,2.0,1163.0
sector 7 hsr layout,3.0,145.0,3.0,1760.0
sector 7 hsr layout,2.0,98.86,2.0,1163.0
sector 7 hsr layout,2.0,115.0,2.0,1342.0
sector 7 hsr layout,3.0,160.0,3.0,1760.0
sector 7 hsr layout,3.0,142.0,3.0,1760.0
sector 7 hsr layout,2.0,195.0,3.0,2400.0
sector 7 hsr layout,2.0,98.77,2.0,1162.0
seegehalli,2.0,35.14,2.0,901.0
seegehalli,2.0,42.9,3.0,1150.0
seegehalli,1.0,50.0,2.0,800.0
seegehalli,3.0,65.0,3.0,1525.0
seegehalli,2.0,62.0,3.0,1200.0
seegehalli,2.0,72.0,2.0,1155.0
seegehalli,4.0,82.0,3.0,1830.0
seegehalli,3.0,235.0,3.0,4000.0
seegehalli,5.0,150.0,4.0,3000.0
seegehalli,4.0,140.0,4.0,2800.0
seegehalli,2.0,41.0,2.0,1096.0
seegehalli,3.0,68.0,3.0,1553.0
seegehalli,2.0,45.0,2.0,1134.0
seegehalli,3.0,80.0,3.0,1683.0
seegehalli,2.0,50.0,2.0,1176.0
seetharampalya,2.0,55.0,2.0,1100.0
seetharampalya,3.0,68.0,3.0,1350.0
seetharampalya,2.0,73.0,3.0,1360.0
shampura,4.0,150.0,4.0,2650.0
shampura,1.0,35.0,2.0,700.0
shampura,3.0,70.0,3.0,1400.0
shampura,3.0,78.0,3.0,1475.0
shampura,6.0,75.0,6.0,1150.0
shanti nagar,4.0,240.0,4.0,3000.0
shanti nagar,2.0,74.0,2.0,1130.0
shanti nagar,2.0,75.0,2.0,1130.0
shanti nagar,3.0,180.0,3.0,2250.0
shantiniketan layout,3.0,108.0,3.0,2072.0
shantiniketan layout,2.0,48.0,2.0,925.0
shantiniketan layout,5.0,142.0,4.0,2710.0
shikaripalya,2.0,43.72,2.0,1121.0
shikaripalya,3.0,56.24,3.0,1442.0
shikaripalya,3.0,59.75,3.0,1532.0
shikaripalya,2.0,39.98,2.0,1025.0
shivaji nagar,2.0,55.0,2.0,850.0
shivaji nagar,3.0,130.0,2.0,1554.0
shivaji nagar,2.0,110.0,2.0,2200.0
shivaji nagar,1.0,306.0,1.0,3820.0
shivaji nagar,2.0,49.5,2.0,703.0
shivaji nagar,2.0,90.0,3.0,1460.0
shree ananth nagar layout,2.0,38.0,2.0,1080.0
siddapura,2.0,90.0,2.0,1150.0
siddapura,4.0,400.0,3.0,5480.0
sidedahalli,1.0,52.3,1.0,900.0
singapura village,2.0,35.0,2.0,825.0
singapura village,2.0,45.0,2.0,985.0
singapura village,2.0,45.0,2.0,970.0
singasandra,2.0,65.0,3.0,1440.0
singasandra,2.0,55.0,2.0,1030.0
singasandra,6.0,195.0,4.0,3850.0
singasandra,2.0,52.0,2.0,1100.0
singasandra,2.0,58.0,3.0,1306.0
singasandra,2.0,65.0,2.0,1300.0
singasandra,4.0,120.0,4.0,3126.0
singasandra,3.0,56.0,3.0,1464.0
singasandra,2.0,40.0,2.0,1010.0
singasandra,2.0,58.0,2.0,1375.0
singasandra,2.0,60.0,2.0,1120.0
singasandra,3.0,75.0,3.0,1510.0
singasandra,2.0,56.0,2.0,1179.0
singasandra,2.0,67.0,2.0,1416.0
singasandra,2.0,73.0,3.0,1476.0
singasandra,2.0,45.0,2.0,1139.7
singasandra,2.0,60.0,2.0,1465.0
singasandra,3.0,56.0,3.0,1464.0
singasandra,3.0,85.0,3.0,1653.0
somasundara palya,2.0,67.0,2.0,1255.0
somasundara palya,2.0,68.0,2.0,1448.0
somasundara palya,2.0,60.0,2.0,1260.0
somasundara palya,2.0,48.0,2.0,1033.0
somasundara palya,2.0,70.0,2.0,1329.0
somasundara palya,3.0,95.0,3.0,1650.0
sompura,2.0,37.0,3.0,1025.0
sompura,2.0,39.0,2.0,1126.0
sompura,2.0,32.0,2.0,825.0
sompura,2.0,47.0,3.0,1350.0
sompura,3.0,85.0,4.0,2150.0
sonnenahalli,2.0,43.75,2.0,896.0
sonnenahalli,2.0,50.53,2.0,1011.0
sonnenahalli,1.0,30.715,1.0,614.5
sonnenahalli,3.0,74.18,3.0,1484.0
sonnenahalli,3.0,80.48,3.0,1610.0
sonnenahalli,2.0,65.0,3.0,1415.0
sonnenahalli,2.0,58.0,2.0,1268.0
sonnenahalli,2.0,56.0,2.0,1268.0
sonnenahalli,1.0,30.24,1.0,605.0
sonnenahalli,3.0,75.0,3.0,1484.0
srinivasa nagar,2.0,55.0,2.0,900.0
srinivasa nagar,2.0,75.6,3.0,1200.0
srirampura,3.0,100.0,3.0,1756.0
srirampura,4.0,130.0,4.0,2736.0
subramanyapura,2.0,50.17,2.0,929.0
subramanyapura,2.0,58.0,2.0,975.0
subramanyapura,2.0,58.0,2.0,985.0
subramanyapura,2.0,68.0,3.0,1245.0
subramanyapura,2.0,73.0,2.0,1313.0
subramanyapura,2.0,66.5,2.0,1313.0
subramanyapura,3.0,72.0,3.0,1330.0
subramanyapura,2.0,48.0,2.0,929.0
subramanyapura,2.0,55.0,2.0,950.0
subramanyapura,2.0,56.0,2.0,929.0
subramanyapura,3.0,90.0,3.0,1800.0
subramanyapura,2.0,76.0,3.0,1260.0
subramanyapura,2.0,55.0,2.0,960.0
subramanyapura,2.0,73.0,3.0,1260.0
subramanyapura,3.0,62.71,3.0,1278.0
subramanyapura,3.0,70.0,3.0,1278.0
subramanyapura,2.0,49.0,2.0,929.0
subramanyapura,2.0,75.0,3.0,1260.0
subramanyapura,3.0,130.0,3.0,2495.0
subramanyapura,1.0,51.0,2.0,929.0
subramanyapura,3.0,110.0,3.0,1880.0
sultan palaya,3.0,120.0,3.0,1700.0
sultan palaya,2.0,45.0,2.0,1100.0
sultan palaya,2.0,45.0,2.0,900.0
sultan palaya,2.0,65.0,2.0,870.0
sultan palaya,3.0,80.0,3.0,1765.0
sultan palaya,3.0,125.0,3.0,1713.0
sultan palaya,2.0,65.0,2.0,1009.0
sultan palaya,5.0,325.0,4.0,5000.0
sultan palaya,2.0,49.0,2.0,1070.0
suraksha nagar,3.0,62.0,3.0,1559.0
suraksha nagar,3.0,63.0,3.0,1563.0
talaghattapura,3.0,131.0,3.0,1868.0
talaghattapura,3.0,120.0,3.0,2038.5
talaghattapura,3.0,126.0,3.0,2106.0
talaghattapura,3.0,121.0,3.0,1868.0
talaghattapura,3.0,126.0,3.0,2106.0
talaghattapura,3.0,120.0,3.0,1868.0
talaghattapura,3.0,115.0,3.0,1804.0
talaghattapura,3.0,153.0,3.0,2254.0
talaghattapura,3.0,148.0,3.0,2106.0
talaghattapura,3.0,159.0,3.0,2273.0
talaghattapura,3.0,147.0,3.0,2099.0
talaghattapura,3.0,145.0,3.0,2273.0
talaghattapura,2.0,62.0,2.0,1175.0
talaghattapura,3.0,127.0,3.0,1804.0
talaghattapura,3.0,122.0,3.0,2038.5
talaghattapura,3.0,159.0,3.0,2265.0
talaghattapura,3.0,134.0,3.0,2099.0
tc palaya,2.0,66.0,3.0,1200.0
tc palaya,3.0,66.0,3.0,1200.0
tc palaya,2.0,75.0,3.0,1350.0
tc palaya,2.0,65.0,2.0,1200.0
tc palaya,2.0,70.0,2.0,1200.0
tc palaya,2.0,55.0,2.0,900.0
tc palaya,2.0,66.0,3.0,1200.0
tc palaya,2.0,66.5,3.0,1200.0
tc palaya,3.0,302.0,4.0,4800.0
tc palaya,2.0,55.0,2.0,900.0
tc palaya,2.0,66.0,2.0,1200.0
tc palaya,2.0,66.0,3.0,1200.0
tc palaya,2.0,66.5,3.0,1200.0
tc palaya,2.0,55.0,2.0,900.0
tc palaya,2.0,66.0,3.0,1200.0
tc palaya,2.0,55.0,2.0,900.0
tc palaya,3.0,83.0,3.0,1500.0
tc palaya,2.0,65.0,2.0,1200.0
tc palaya,2.0,66.0,3.0,1200.0
tc palaya,2.0,65.0,2.0,1100.0
tc palaya,3.0,66.0,3.0,1200.0
tc palaya,2.0,66.0,3.0,1200.0
tc palaya,2.0,66.0,3.0,1200.0
tc palaya,2.0,66.0,3.0,1200.0
tc palaya,2.0,70.0,2.0,1200.0
tc palaya,2.0,55.0,2.0,900.0
tc palaya,2.0,55.0,2.0,900.0
tc palaya,2.0,64.0,2.0,1082.0
tc palaya,3.0,100.0,3.0,1995.0
tc palaya,2.0,66.0,3.0,1200.0
tc palaya,2.0,66.0,3.0,1200.0
tc palaya,2.0,66.0,3.0,1200.0
tc palaya,2.0,66.0,3.0,1200.0
tc palaya,2.0,66.0,3.0,1200.0
tejaswini nagar,3.0,59.0,3.0,1550.0
tejaswini nagar,2.0,54.0,3.0,1410.0
tejaswini nagar,2.0,54.0,3.0,1410.0
tejaswini nagar,1.0,28.0,1.0,720.0
thanisandra,2.0,80.0,2.0,1296.0
thanisandra,3.0,74.75,3.0,1436.0
thanisandra,1.0,28.0,1.0,445.0
thanisandra,2.0,83.0,2.0,1296.0
thanisandra,3.0,100.0,3.0,1825.0
thanisandra,3.0,135.0,3.0,2144.0
thanisandra,2.0,62.0,3.0,1240.0
thanisandra,2.0,70.0,2.0,1093.0
thanisandra,2.0,79.0,3.0,1265.0
thanisandra,3.0,97.38,3.0,1651.0
thanisandra,3.0,101.0,3.0,1564.0
thanisandra,3.0,90.0,3.0,1800.0
thanisandra,3.0,95.0,3.0,1573.0
thanisandra,3.0,122.0,3.0,1917.0
thanisandra,2.0,68.0,2.0,1098.0
thanisandra,3.0,112.0,3.0,2002.0
thanisandra,1.0,60.84,1.0,923.0
thanisandra,3.0,93.25,3.0,1743.0
thanisandra,2.0,59.74,2.0,1183.0
thanisandra,2.0,72.0,2.0,1296.0
thanisandra,3.0,102.0,3.0,1698.0
thanisandra,3.0,93.04,3.0,1411.0
thanisandra,3.0,115.0,3.0,1801.0
thanisandra,2.0,82.0,2.0,1265.0
thanisandra,4.0,113.0,3.0,1917.0
thanisandra,1.0,42.0,1.0,662.0
thanisandra,3.0,106.0,3.0,1922.0
thanisandra,2.0,65.0,3.0,1200.0
thanisandra,4.0,100.0,3.0,1917.0
thanisandra,3.0,135.0,3.0,2127.0
thanisandra,2.0,75.0,2.0,1276.0
thanisandra,5.0,135.0,4.0,2259.0
thanisandra,2.0,78.0,2.0,1265.0
thanisandra,2.0,55.0,2.0,934.0
thanisandra,2.0,68.0,2.0,1056.0
thanisandra,2.0,68.1,2.0,1093.0
thanisandra,2.0,72.0,2.0,1093.0
thanisandra,3.0,107.0,3.0,1698.0
thanisandra,2.0,83.0,2.0,1265.0
thanisandra,2.0,56.0,2.0,965.0
thanisandra,3.0,95.0,3.0,1546.0
thanisandra,3.0,110.0,3.0,1697.0
thanisandra,3.0,88.0,3.0,1492.0
thanisandra,3.0,122.0,3.0,2072.0
thanisandra,3.0,120.0,3.0,1880.0
thanisandra,1.0,50.0,1.0,760.0
thanisandra,2.0,60.0,2.0,1200.0
thanisandra,2.0,58.0,1.0,933.0
thanisandra,3.0,110.0,3.0,1917.0
thanisandra,4.0,123.0,3.0,1996.0
thanisandra,2.0,77.25,2.0,1183.0
thanisandra,3.0,88.0,3.0,1491.0
thanisandra,3.0,95.0,3.0,1881.0
thanisandra,3.0,100.0,3.0,1564.0
thanisandra,3.0,98.0,3.0,1573.0
thanisandra,2.0,83.0,3.0,1262.0
thanisandra,2.0,65.0,2.0,1056.0
thanisandra,2.0,75.0,2.0,1343.0
thanisandra,4.0,122.0,3.0,1935.0
thanisandra,2.0,55.0,2.0,933.0
thanisandra,2.0,77.3,2.0,1183.0
thanisandra,1.0,38.0,1.0,662.0
thanisandra,2.0,72.0,2.0,1265.0
thanisandra,3.0,105.0,3.0,1595.0
thanisandra,2.0,65.0,3.0,1241.0
thanisandra,2.0,71.0,2.0,1098.0
thanisandra,2.0,65.0,3.0,1262.0
thanisandra,3.0,112.0,3.0,1732.0
thanisandra,1.0,61.0,1.0,933.0
thanisandra,3.0,107.0,3.0,1702.0
thanisandra,4.0,125.0,3.0,2030.0
thanisandra,2.0,59.0,2.0,1140.0
thanisandra,3.0,90.0,3.0,1573.0
thanisandra,3.0,96.0,3.0,1595.0
thanisandra,2.0,65.0,2.0,1226.0
thanisandra,2.0,80.0,3.0,1261.0
thanisandra,4.0,117.0,3.0,1884.0
thanisandra,2.0,54.0,2.0,965.0
thanisandra,4.0,122.0,3.0,1930.0
thanisandra,2.0,68.0,3.0,1241.0
thanisandra,4.0,120.0,3.0,1930.0
thanisandra,3.0,115.0,3.0,1801.0
thanisandra,4.0,220.0,4.0,3671.0
thanisandra,4.0,125.0,3.0,1965.0
thanisandra,3.0,100.0,3.0,1573.0
thanisandra,2.0,65.59,2.0,1226.0
thanisandra main road,4.0,590.0,4.0,4110.0
thigalarapalya,6.0,230.0,4.0,3122.0
thigalarapalya,6.0,235.0,4.0,3122.0
thigalarapalya,4.0,150.0,3.0,2072.0
thigalarapalya,2.0,103.0,2.0,1418.0
thigalarapalya,2.0,101.0,2.0,1418.0
thigalarapalya,2.0,104.0,2.0,1418.0
thigalarapalya,5.0,225.0,4.0,3122.0
thigalarapalya,6.0,210.0,4.0,2912.0
thigalarapalya,2.0,103.0,2.0,1418.0
thigalarapalya,4.0,147.0,3.0,2072.0
thigalarapalya,2.0,106.0,2.0,1418.0
thigalarapalya,4.0,156.0,3.0,2215.0
thigalarapalya,2.0,104.0,2.0,1418.0
thigalarapalya,6.0,237.0,4.0,3122.0
thigalarapalya,2.0,105.0,2.0,1418.0
thigalarapalya,2.0,104.0,2.0,1418.0
thigalarapalya,4.0,160.0,3.0,2215.0
thigalarapalya,2.0,106.0,2.0,1418.0
thigalarapalya,4.0,155.0,3.0,2072.0
thigalarapalya,4.0,135.0,3.0,1830.0
thigalarapalya,2.0,105.0,2.0,1418.0
thigalarapalya,4.0,152.0,3.0,2072.0
thigalarapalya,4.0,155.0,3.0,2072.0
thigalarapalya,6.0,235.0,4.0,3122.0
thigalarapalya,4.0,153.0,3.0,2072.0
thigalarapalya,4.0,157.0,3.0,2072.0
thigalarapalya,2.0,105.0,2.0,1418.0
thigalarapalya,5.0,249.0,4.0,3362.0
thigalarapalya,3.0,133.0,3.0,1830.0
thigalarapalya,4.0,157.0,3.0,2215.0
thigalarapalya,4.0,151.0,3.0,2072.0
thigalarapalya,2.0,105.0,2.0,1400.0
thigalarapalya,4.0,162.0,3.0,2215.0
thigalarapalya,2.0,98.0,2.0,1297.0
thirumenahalli,2.0,42.33,3.0,1378.0
thirumenahalli,2.0,39.5,2.0,1100.0
thirumenahalli,2.0,36.69,2.0,1161.0
thirumenahalli,2.0,36.69,2.0,1161.0
thirumenahalli,3.0,56.0,3.0,1602.0
thubarahalli,4.0,239.0,4.0,3800.0
thubarahalli,2.0,78.0,2.0,1200.0
thubarahalli,2.0,75.0,2.0,1128.0
thubarahalli,2.0,70.0,2.0,1085.0
thubarahalli,2.0,80.0,2.0,1216.0
thubarahalli,2.0,79.0,2.0,1200.0
thubarahalli,2.0,80.0,2.0,1200.0
thubarahalli,2.0,79.55,2.0,1200.0
thubarahalli,3.0,90.0,3.0,1540.0
thubarahalli,3.0,175.0,3.0,2625.0
thubarahalli,3.0,90.0,3.0,1540.0
thubarahalli,3.0,101.0,3.0,1584.0
thyagaraja nagar,1.0,100.0,1.0,800.0
thyagaraja nagar,4.0,145.0,5.0,2000.0
thyagaraja nagar,2.0,95.25,3.0,1270.0
tindlu,2.0,87.0,3.0,1500.0
tindlu,7.0,400.0,7.0,7500.0
tindlu,2.0,65.0,3.0,1357.0
tindlu,3.0,87.0,3.0,1500.0
tindlu,3.0,65.0,3.0,1370.07
tindlu,2.0,59.8,2.0,1165.0
tindlu,2.0,55.0,2.0,1050.0
tindlu,2.0,55.0,2.0,1100.0
tumkur road,3.0,95.0,3.0,1500.0
tumkur road,3.0,112.0,3.0,1779.0
tumkur road,3.0,100.0,3.0,1586.0
tumkur road,2.0,72.0,2.0,1098.0
tumkur road,3.0,90.0,3.0,1354.0
tumkur road,2.0,82.0,2.0,1239.0
tumkur road,2.0,82.0,2.0,1246.0
tumkur road,3.0,100.0,3.0,1500.0
tumkur road,3.0,94.0,3.0,1416.0
tumkur road,2.0,60.0,2.0,1027.0
tumkur road,2.0,68.62,2.0,1027.0
tumkur road,2.0,95.0,3.0,1459.0
tumkur road,2.0,60.0,2.0,992.0
tumkur road,2.0,79.0,3.0,1240.0
tumkur road,2.0,95.0,3.0,1441.0
tumkur road,2.0,83.0,3.0,1240.0
tumkur road,2.0,67.0,2.0,1027.0
tumkur road,3.0,85.86,3.0,1354.0
ulsoor,3.0,215.0,3.0,2135.0
ulsoor,8.0,210.0,9.0,2300.0
ulsoor,2.0,120.0,2.0,1275.0
ulsoor,3.0,110.0,3.0,1020.0
ulsoor,2.0,100.0,2.0,1180.0
ulsoor,2.0,125.0,3.0,1500.0
ulsoor,3.0,185.0,3.0,2000.0
ulsoor,2.0,120.0,2.0,1255.0
ulsoor,3.0,170.0,3.0,2135.0
uttarahalli,2.0,62.0,3.0,1440.0
uttarahalli,2.0,45.0,2.0,1143.0
uttarahalli,2.0,45.0,2.0,1020.0
uttarahalli,2.0,63.0,2.0,1286.0
uttarahalli,2.0,45.0,2.0,1101.0
uttarahalli,2.0,67.0,2.0,1345.0
uttarahalli,2.0,39.73,3.0,1135.0
uttarahalli,2.0,47.0,2.0,1175.0
uttarahalli,2.0,62.55,3.0,1390.0
uttarahalli,2.0,56.0,3.0,1330.0
uttarahalli,2.0,45.0,2.0,1008.0
uttarahalli,2.0,60.47,3.0,1390.0
uttarahalli,3.0,66.68,3.0,1617.0
uttarahalli,2.0,49.0,2.0,1150.0
uttarahalli,2.0,56.0,3.0,1330.0
uttarahalli,2.0,44.0,2.0,1200.0
uttarahalli,2.0,48.48,3.0,1385.0
uttarahalli,2.0,46.55,3.0,1330.0
uttarahalli,2.0,30.0,2.0,882.0
uttarahalli,2.0,39.71,2.0,993.0
uttarahalli,2.0,45.0,2.0,1045.0
uttarahalli,2.0,37.93,2.0,850.0
uttarahalli,2.0,47.0,3.0,1330.0
uttarahalli,2.0,57.0,3.0,1345.0
uttarahalli,2.0,43.55,2.0,1089.0
uttarahalli,2.0,46.55,3.0,1330.0
uttarahalli,2.0,48.0,2.0,1279.0
uttarahalli,2.0,68.27,3.0,1845.0
uttarahalli,2.0,64.0,3.0,1425.0
uttarahalli,2.0,40.42,2.0,1155.0
uttarahalli,2.0,42.0,2.0,1050.0
uttarahalli,2.0,55.0,3.0,1300.0
uttarahalli,2.0,55.0,3.0,1250.0
uttarahalli,3.0,50.0,3.0,1200.0
uttarahalli,2.0,43.0,2.0,1085.0
uttarahalli,2.0,53.0,3.0,1350.0
uttarahalli,2.0,47.0,2.0,1175.0
uttarahalli,2.0,47.0,2.0,1175.0
uttarahalli,2.0,52.85,3.0,1215.0
uttarahalli,3.0,51.19,3.0,1312.5
uttarahalli,2.0,53.0,2.0,1325.0
uttarahalli,2.0,60.0,3.0,1300.0
uttarahalli,2.0,35.0,2.0,850.0
uttarahalli,2.0,59.6,3.0,1490.0
uttarahalli,2.0,61.2,3.0,1360.0
uttarahalli,2.0,45.36,2.0,1134.0
uttarahalli,2.0,47.24,3.0,1350.0
uttarahalli,2.0,55.44,3.0,1320.0
uttarahalli,2.0,61.16,3.0,1390.0
uttarahalli,2.0,45.0,2.0,1090.0
uttarahalli,2.0,42.0,2.0,1050.0
uttarahalli,2.0,48.0,2.0,1123.0
uttarahalli,2.0,56.0,3.0,1329.0
uttarahalli,2.0,35.0,2.0,938.0
uttarahalli,2.0,47.0,3.0,1345.0
uttarahalli,2.0,44.98,3.0,1285.0
uttarahalli,1.0,45.0,2.0,1100.0
uttarahalli,2.0,47.0,2.0,1125.0
uttarahalli,2.0,47.0,3.0,1300.0
uttarahalli,2.0,62.55,3.0,1390.0
uttarahalli,2.0,59.6,3.0,1490.0
uttarahalli,2.0,41.3,2.0,1180.0
uttarahalli,2.0,48.48,3.0,1385.0
uttarahalli,2.0,45.0,2.0,1160.0
uttarahalli,2.0,60.0,3.0,1280.0
uttarahalli,2.0,58.0,3.0,1480.0
uttarahalli,2.0,53.55,2.0,1190.0
uttarahalli,2.0,57.0,3.0,1330.0
uttarahalli,3.0,74.0,3.0,1560.0
uttarahalli,2.0,50.0,3.0,1250.0
uttarahalli,2.0,48.0,2.0,1125.0
uttarahalli,2.0,55.44,3.0,1320.0
uttarahalli,2.0,50.19,3.0,1255.0
uttarahalli,2.0,40.6,2.0,1160.0
uttarahalli,2.0,50.19,3.0,1255.0
uttarahalli,2.0,42.59,2.0,1065.0
uttarahalli,2.0,46.76,2.0,1075.0
uttarahalli,2.0,40.6,2.0,1155.0
uttarahalli,2.0,42.59,3.0,1065.0
uttarahalli,2.0,47.59,3.0,1360.0
uttarahalli,2.0,52.85,3.0,1215.0
uttarahalli,3.0,58.0,3.0,1590.0
uttarahalli,2.0,41.3,2.0,1180.0
uttarahalli,2.0,47.24,3.0,1350.0
uttarahalli,2.0,50.0,3.0,1250.0
uttarahalli,2.0,40.08,2.0,1002.0
uttarahalli,2.0,40.08,2.0,1002.0
uttarahalli,2.0,40.0,2.0,1075.0
uttarahalli,3.0,60.0,3.0,1580.0
uttarahalli,2.0,40.43,2.0,1155.0
uttarahalli,2.0,35.88,2.0,1025.0
uttarahalli,2.0,47.65,2.0,1125.0
uttarahalli,2.0,55.0,2.0,1300.0
uttarahalli,2.0,35.88,2.0,1025.0
uttarahalli,2.0,45.0,2.0,980.0
uttarahalli,2.0,47.0,2.0,1125.0
uttarahalli,2.0,39.73,3.0,1135.0
uttarahalli,2.0,47.24,3.0,1350.0
uttarahalli,2.0,50.0,3.0,1250.0
uttarahalli,2.0,50.0,3.0,1250.0
uttarahalli,2.0,47.0,2.0,1175.0
uttarahalli,2.0,47.59,3.0,1360.0
uttarahalli,2.0,47.59,3.0,1360.0
uttarahalli,2.0,62.82,3.0,1525.0
uttarahalli,3.0,57.0,3.0,1590.0
uttarahalli,2.0,46.55,3.0,1330.0
uttarahalli,2.0,48.0,2.0,1213.0
uttarahalli,2.0,59.0,3.0,1475.0
uttarahalli,2.0,35.0,2.0,900.0
uttarahalli,2.0,42.6,2.0,1065.0
uttarahalli,2.0,46.55,3.0,1330.0
uttarahalli,2.0,50.0,3.0,1250.0
uttarahalli,2.0,47.0,2.0,1125.0
uttarahalli,2.0,55.25,3.0,1270.0
uttarahalli,2.0,55.25,3.0,1270.0
uttarahalli,2.0,45.0,2.0,1107.0
uttarahalli,2.0,55.0,2.0,1200.0
uttarahalli,2.0,46.45,3.0,1330.0
uttarahalli,3.0,68.0,3.0,1500.0
uttarahalli,2.0,50.0,2.0,1120.0
uttarahalli,2.0,46.0,2.0,1150.0
uttarahalli,2.0,58.0,3.0,1330.0
uttarahalli,3.0,57.0,3.0,1590.0
uttarahalli,2.0,42.0,2.0,1050.0
uttarahalli,2.0,48.0,2.0,1125.0
uttarahalli,2.0,57.0,3.0,1345.0
uttarahalli,2.0,57.0,3.0,1345.0
uttarahalli,2.0,59.6,3.0,1490.0
uttarahalli,2.0,36.0,2.0,1037.0
uttarahalli,2.0,43.58,3.0,1245.0
uttarahalli,2.0,39.5,2.0,1000.0
uttarahalli,1.0,45.0,2.0,1125.0
uttarahalli,2.0,53.0,3.0,1308.0
uttarahalli,2.0,40.58,2.0,1160.0
uttarahalli,3.0,57.0,3.0,1590.0
uttarahalli,2.0,35.0,2.0,1000.0
uttarahalli,2.0,57.0,3.0,1330.0
uttarahalli,2.0,47.0,2.0,1125.0
uttarahalli,1.0,42.09,2.0,1165.0
uttarahalli,2.0,55.0,2.0,1260.0
uttarahalli,2.0,53.36,2.0,1284.0
uttarahalli,2.0,45.99,2.0,1150.0
uttarahalli,2.0,48.48,3.0,1385.0
uttarahalli,2.0,56.12,3.0,1290.0
uttarahalli,2.0,56.0,3.0,1328.0
uttarahalli,2.0,36.4,2.0,1040.0
uttarahalli,2.0,56.12,3.0,1290.0
uttarahalli,3.0,57.0,3.0,1590.0
uttarahalli,2.0,46.76,2.0,1075.0
uttarahalli,2.0,57.0,3.0,1345.0
vajarahalli,1.0,30.0,1.0,551.0
vajarahalli,2.0,70.0,3.0,1254.0
vajarahalli,3.0,79.0,3.0,1432.0
varanasi,4.0,99.0,5.0,2000.0
varthur,2.0,44.0,2.0,1160.0
varthur,3.0,65.99,3.0,1535.0
varthur,2.0,42.0,2.0,1024.0
varthur,2.0,40.0,2.0,1125.0
varthur,2.0,40.0,2.0,1112.0
varthur,2.0,45.35,2.0,1055.0
varthur,2.0,65.0,2.0,1280.0
varthur,2.0,36.0,2.0,977.0
varthur,3.0,71.0,3.0,1250.0
varthur,3.0,67.75,3.0,1200.0
varthur,2.0,41.88,2.0,1111.0
varthur,2.0,55.5,2.0,1140.0
varthur,2.0,48.0,2.0,1090.0
varthur,3.0,71.0,3.0,1450.0
varthur,2.0,60.0,2.0,1210.0
varthur,2.0,46.0,2.0,1070.0
varthur,2.0,44.24,2.0,1120.0
varthur,2.0,79.0,3.0,1395.0
varthur,2.0,45.0,2.0,1085.0
varthur,2.0,47.0,2.0,1250.0
varthur,2.0,61.0,3.0,1520.0
varthur,2.0,60.0,2.0,1155.0
varthur,2.0,55.0,2.0,1180.0
varthur,2.0,60.0,3.0,1520.0
varthur,2.0,40.65,2.0,1045.0
varthur,3.0,69.43,3.0,1615.0
varthur,2.0,64.15,2.0,1210.0
varthur,2.0,85.0,2.0,1760.0
varthur,2.0,54.0,2.0,1210.0
varthur,2.0,40.0,2.0,1112.0
varthur,3.0,63.2,3.0,1600.0
varthur,3.0,71.58,3.0,1665.0
varthur road,2.0,59.0,2.0,1277.0
varthur road,2.0,58.0,3.0,1247.0
varthur road,2.0,42.7,2.0,1050.0
varthur road,2.0,52.76,2.0,1255.0
varthur road,2.0,49.11,2.0,1140.0
vasanth nagar,4.0,528.0,4.0,2328.0
vasanth nagar,6.0,1102.0,4.0,4750.0
vasanth nagar,6.0,948.0,4.0,4750.0
vasanthapura,2.0,40.0,2.0,1022.0
vasanthapura,2.0,39.73,2.0,1135.0
vasanthapura,2.0,34.82,2.0,995.0
vasanthapura,2.0,34.82,2.0,995.0
vasanthapura,2.0,36.28,2.0,1037.0
vasanthapura,2.0,34.22,2.0,978.0
vasanthapura,2.0,36.28,2.0,1037.0
venkatapura,2.0,285.0,4.0,3080.0
venkatapura,2.0,260.0,3.0,2700.0
victoria layout,3.0,165.0,3.0,1650.0
victoria layout,2.0,129.0,2.0,1300.0
victoria layout,2.0,115.0,2.0,1115.0
vidyaranyapura,2.0,95.0,2.0,1440.0
vidyaranyapura,2.0,55.0,2.0,1200.0
vidyaranyapura,4.0,90.0,4.0,1200.0
vidyaranyapura,2.0,67.0,3.0,1485.0
vidyaranyapura,2.0,55.0,2.0,1060.0
vidyaranyapura,2.0,54.0,2.0,1100.0
vidyaranyapura,2.0,70.0,3.0,1440.0
vidyaranyapura,2.0,54.0,2.0,1100.0
vidyaranyapura,3.0,68.0,3.0,1560.0
vidyaranyapura,2.0,70.0,2.0,1120.0
vidyaranyapura,2.0,40.0,2.0,945.0
vidyaranyapura,2.0,54.0,2.0,1100.0
vidyaranyapura,2.0,65.0,3.0,1200.0
vidyaranyapura,2.0,52.0,2.0,1200.0
vidyaranyapura,2.0,50.0,2.0,1050.0
vidyaranyapura,2.0,75.0,3.0,1100.0
vidyaranyapura,2.0,72.0,3.0,1100.0
vidyaranyapura,5.0,135.0,4.0,2400.0
vidyaranyapura,2.0,60.5,2.0,1200.0
vignana nagar,2.0,55.0,2.0,1200.0
vignana nagar,2.0,47.0,2.0,1100.0
vignana nagar,2.0,58.0,2.0,1110.0
vignana nagar,2.0,89.5,2.0,1350.0
vijaya bank layout,2.0,150.0,3.0,2400.0
vijaya bank layout,2.0,70.0,3.0,1374.0
vijaya bank layout,2.0,85.0,3.0,1605.0
vijaya bank layout,2.0,68.0,3.0,1200.0
vijaya bank layout,2.0,68.5,3.0,1700.0
vijayanagar,3.0,110.0,3.0,1704.0
vijayanagar,3.0,129.0,3.0,1933.0
vijayanagar,3.0,75.5,3.0,1500.0
vijayanagar,3.0,100.0,3.0,1450.0
vijayanagar,2.0,134.0,3.0,1580.0
vijayanagar,3.0,121.0,3.0,1826.0
vijayanagar,3.0,116.0,3.0,1739.0
vijayanagar,3.0,100.0,3.0,1490.0
vijayanagar,2.0,65.0,2.0,1180.0
vijayanagar,1.0,34.78,1.0,606.0
vijayanagar,2.0,68.0,2.0,1352.0
vijayanagar,3.0,115.0,3.0,1527.0
vijayanagar,2.0,60.0,2.0,989.0
vijayanagar,2.0,103.0,3.0,1520.0
vijayanagar,3.0,117.0,3.0,1749.0
vijayanagar,2.0,75.0,2.0,1046.0
vijayanagar,1.0,40.0,1.0,606.0
vijayanagar,2.0,62.0,2.0,1200.0
vijayanagar,2.0,75.0,3.0,1300.0
vijayanagar,3.0,79.19,3.0,1484.0
vijayanagar,3.0,140.0,3.0,1760.0
vijayanagar,3.0,136.0,3.0,2047.0
vijayanagar,2.0,75.0,3.0,1200.0
vijayanagar,2.0,82.0,2.0,1178.0
vijayanagar,2.0,45.0,2.0,864.0
vijayanagar,2.0,60.0,2.0,920.0
vijayanagar,2.0,58.0,2.0,1019.0
vijayanagar,6.0,125.0,5.0,2400.0
vijayanagar,2.0,86.0,2.0,1180.0
vijayanagar,1.0,40.0,1.0,492.0
vijayanagar,2.0,75.0,3.0,1375.0
vishveshwarya layout,7.0,225.0,7.0,4000.0
vishveshwarya layout,1.0,30.0,1.0,750.0
vishveshwarya layout,6.0,92.0,6.0,2100.0
vishveshwarya layout,3.0,90.0,4.0,2000.0
vishveshwarya layout,6.0,230.0,6.0,4000.0
vishwanatha nagenahalli,4.0,99.0,4.0,1650.0
vishwanatha nagenahalli,3.0,110.0,3.0,2159.0
vishwanatha nagenahalli,2.0,50.0,2.0,1050.0
vishwanatha nagenahalli,3.0,120.0,3.0,2159.0
vishwanatha nagenahalli,3.0,115.0,4.0,2200.0
vishwanatha nagenahalli,3.0,120.0,3.0,2159.0
vishwapriya layout,2.0,30.0,2.0,770.0
vishwapriya layout,2.0,36.0,2.0,910.0
vishwapriya layout,2.0,37.0,2.0,890.0
vittasandra,2.0,71.0,2.0,1404.0
vittasandra,2.0,67.0,2.0,1246.0
vittasandra,2.0,67.3,2.0,1246.0
vittasandra,2.0,64.5,2.0,1246.0
vittasandra,2.0,64.5,2.0,1246.0
vittasandra,2.0,67.0,2.0,1238.0
vittasandra,2.0,75.0,2.0,1404.0
vittasandra,2.0,65.0,2.0,1246.0
vittasandra,2.0,67.0,2.0,1238.0
vittasandra,2.0,67.4,2.0,1246.0
vittasandra,2.0,67.4,2.0,1259.0
vittasandra,2.0,63.0,2.0,1246.0
vittasandra,2.0,67.4,2.0,1246.0
vittasandra,2.0,65.4,2.0,1246.0
vittasandra,3.0,84.0,3.0,1650.0
vittasandra,2.0,67.4,2.0,1246.0
vittasandra,3.0,85.0,3.0,1650.0
vittasandra,2.0,67.3,2.0,1246.0
vittasandra,2.0,67.48,2.0,1259.0
vittasandra,2.0,75.0,2.0,1404.0
vittasandra,3.0,85.5,3.0,1650.0
vittasandra,2.0,67.0,2.0,1246.0
vittasandra,3.0,85.0,3.0,1650.0
vittasandra,3.0,85.5,3.0,1650.0
vittasandra,2.0,72.0,2.0,1404.0
vittasandra,2.0,67.5,2.0,1246.0
vittasandra,2.0,67.5,2.0,1246.0
vittasandra,2.0,65.0,2.0,1246.0
vittasandra,2.0,67.4,2.0,1246.0
vittasandra,3.0,85.0,3.0,1648.0
volagerekallahalli,2.0,33.0,2.0,1070.0
volagerekallahalli,2.0,33.15,2.0,1070.0
volagerekallahalli,2.0,33.99,2.0,1067.0
volagerekallahalli,2.0,32.99,2.0,1070.0
volagerekallahalli,2.0,33.43,2.0,1070.0
whitefield,3.0,81.0,3.0,1610.0
whitefield,2.0,94.82,2.0,1459.0
whitefield,3.0,91.0,3.0,2010.0
whitefield,2.0,51.91,2.0,1116.0
whitefield,2.0,53.0,2.0,1075.0
whitefield,2.0,75.0,2.0,1280.0
whitefield,2.0,58.0,2.0,1173.0
whitefield,4.0,700.0,4.0,11890.0
whitefield,2.0,48.5,2.0,1040.0
whitefield,2.0,70.0,2.0,1150.0
whitefield,3.0,101.0,3.0,1768.0
whitefield,3.0,61.95,3.0,1500.0
whitefield,3.0,100.0,3.0,1790.0
whitefield,3.0,100.0,3.0,1720.0
whitefield,2.0,56.0,2.0,1140.0
whitefield,4.0,91.0,3.0,1640.0
whitefield,2.0,35.0,2.0,805.0
whitefield,2.0,59.95,2.0,1155.0
whitefield,4.0,126.0,3.0,2280.0
whitefield,2.0,83.0,2.0,1447.0
whitefield,2.0,51.91,2.0,1116.0
whitefield,3.0,130.0,3.0,1897.0
whitefield,2.0,125.0,3.0,2225.0
whitefield,2.0,79.5,2.0,1495.0
whitefield,2.0,62.0,2.0,1113.0
whitefield,2.0,72.0,3.0,1560.0
whitefield,3.0,94.79,3.0,1697.0
whitefield,3.0,115.0,3.0,1700.0
whitefield,2.0,57.0,2.0,1190.0
whitefield,3.0,162.0,3.0,2842.0
whitefield,2.0,60.81,3.0,1403.0
whitefield,3.0,65.0,3.0,1485.0
whitefield,2.0,75.0,2.0,1280.0
whitefield,2.0,71.0,2.0,1330.0
whitefield,2.0,78.0,3.0,1405.0
whitefield,3.0,115.0,3.0,2225.0
whitefield,3.0,72.0,3.0,1541.0
whitefield,2.0,71.0,2.0,1192.0
whitefield,2.0,61.3,2.0,1277.0
whitefield,3.0,54.65,3.0,1306.0
whitefield,3.0,89.0,3.0,1626.0
whitefield,3.0,88.0,3.0,1585.0
whitefield,2.0,62.0,2.0,1125.0
whitefield,2.0,85.0,2.0,1280.0
whitefield,3.0,68.5,3.0,1200.0
whitefield,3.0,108.0,3.0,1697.0
whitefield,2.0,58.0,2.0,1205.0
whitefield,2.0,90.0,2.0,1485.0
whitefield,1.0,50.0,1.0,950.0
whitefield,4.0,199.0,4.0,3584.0
whitefield,1.0,45.0,1.0,825.0
whitefield,2.0,60.0,2.0,1155.0
whitefield,3.0,92.0,3.0,2010.0
whitefield,2.0,85.0,3.0,1635.0
whitefield,2.0,79.0,2.0,1216.0
whitefield,3.0,56.2,3.0,1200.0
whitefield,2.0,65.0,2.0,1215.0
whitefield,3.0,90.0,3.0,1870.0
whitefield,5.0,145.5,4.0,2856.0
whitefield,2.0,63.0,2.0,920.0
whitefield,2.0,71.0,2.0,1170.0
whitefield,2.0,75.0,2.0,1118.0
whitefield,3.0,110.0,3.0,1800.0
whitefield,3.0,103.0,3.0,1562.0
whitefield,2.0,67.0,2.0,1190.0
whitefield,2.0,48.0,2.0,1102.0
whitefield,4.0,128.0,3.0,2321.0
whitefield,2.0,35.0,2.0,735.0
whitefield,3.0,200.0,3.0,3010.0
whitefield,2.0,52.0,2.0,1280.0
whitefield,4.0,155.0,4.0,2500.0
whitefield,1.0,55.0,1.0,905.0
whitefield,3.0,146.0,4.0,2268.0
whitefield,2.0,55.0,2.0,1150.0
whitefield,3.0,71.8,3.0,1500.0
whitefield,1.0,32.79,1.0,630.5
whitefield,5.0,210.0,4.0,3537.0
whitefield,2.0,55.9,2.0,1285.0
whitefield,3.0,115.0,3.0,1697.0
whitefield,2.0,79.5,2.0,1495.0
whitefield,2.0,66.48,2.0,1216.0
whitefield,2.0,60.0,2.0,1173.0
whitefield,2.0,75.0,2.0,1269.0
whitefield,3.0,79.0,3.0,1545.0
whitefield,3.0,54.65,3.0,1306.0
whitefield,3.0,57.46,3.0,1386.0
whitefield,5.0,160.0,4.0,2830.0
whitefield,2.0,70.0,2.0,1195.0
whitefield,2.0,79.0,3.0,1738.0
whitefield,2.0,72.0,2.0,1250.0
whitefield,1.0,34.385,1.0,709.0
whitefield,2.0,77.0,2.0,1340.0
whitefield,2.0,79.5,2.0,1320.0
whitefield,3.0,61.96,3.0,1200.0
whitefield,2.0,67.0,2.0,1415.0
whitefield,2.0,84.5,2.0,1405.0
whitefield,2.0,57.0,3.0,1345.0
whitefield,4.0,147.0,4.0,2400.0
whitefield,2.0,64.0,3.0,1440.0
whitefield,1.0,35.0,1.0,624.0
whitefield,3.0,95.0,3.0,1700.0
whitefield,4.0,198.0,4.0,2928.0
whitefield,2.0,62.0,2.0,1215.0
whitefield,5.0,175.0,3.0,2700.0
whitefield,3.0,122.0,3.0,1778.0
whitefield,2.0,80.0,2.0,1400.0
whitefield,3.0,77.0,3.0,1745.0
whitefield,3.0,125.0,4.0,2155.0
whitefield,1.0,52.0,1.0,905.0
whitefield,2.0,59.0,2.0,1230.0
whitefield,2.0,69.06,2.0,1216.0
whitefield,2.0,75.0,2.0,1216.0
whitefield,2.0,78.0,2.0,1355.0
whitefield,2.0,77.0,2.0,1255.0
whitefield,2.0,73.0,2.0,1216.0
whitefield,1.0,34.735,1.0,709.0
whitefield,2.0,60.0,2.0,1190.0
whitefield,2.0,55.0,2.0,1312.0
whitefield,3.0,100.0,3.0,1745.0
whitefield,1.0,44.9,1.0,825.0
whitefield,2.0,51.91,2.0,1116.0
whitefield,2.0,53.49,2.0,1227.0
whitefield,3.0,125.0,3.0,1862.0
whitefield,3.0,113.0,3.0,1655.0
whitefield,1.0,29.44,1.0,530.0
whitefield,2.0,57.0,2.0,1085.0
whitefield,1.0,50.0,1.0,905.0
whitefield,3.0,82.0,3.0,1600.0
whitefield,4.0,80.0,4.0,1230.0
whitefield,1.0,32.15,1.0,630.5
whitefield,1.0,52.0,1.0,905.0
whitefield,3.0,57.15,3.0,1200.0
whitefield,2.0,83.0,2.0,1216.0
whitefield,2.0,65.0,2.0,1301.0
whitefield,2.0,55.0,3.0,1330.0
whitefield,2.0,55.0,2.0,1155.0
whitefield,3.0,76.0,2.0,1355.0
whitefield,5.0,226.0,4.0,4075.0
whitefield,2.0,75.0,2.0,1216.0
whitefield,2.0,65.0,2.0,1242.0
whitefield,2.0,67.0,3.0,1495.0
whitefield,3.0,65.0,3.0,1548.0
whitefield,5.0,154.5,4.0,2856.0
whitefield,3.0,58.0,3.0,1405.0
whitefield,5.0,158.5,4.0,2856.0
whitefield,2.0,73.0,2.0,1355.0
whitefield,5.0,158.0,4.0,2882.0
whitefield,1.0,51.0,1.0,750.0
whitefield,2.0,77.0,2.0,1173.0
whitefield,3.0,68.4,3.0,1200.0
whitefield,2.0,69.0,2.0,1216.0
whitefield,3.0,56.0,3.0,1200.0
whitefield,5.0,157.5,4.0,2856.0
whitefield,3.0,128.0,3.0,2173.0
whitefield,1.0,62.0,1.0,905.0
whitefield,4.0,190.0,3.0,2901.0
whitefield,2.0,96.51,2.0,1485.0
whitefield,3.0,101.0,3.0,1755.0
whitefield,3.0,149.0,3.0,2225.0
whitefield,2.0,82.0,2.0,1250.0
whitefield,1.0,40.0,1.0,605.0
whitefield,3.0,56.58,3.0,1200.0
whitefield,2.0,78.2,2.0,1173.0
whitefield,2.0,75.0,2.0,1216.0
whitefield,2.0,70.0,2.0,1180.0
whitefield,2.0,69.0,2.0,1280.0
whitefield,4.0,130.0,3.0,2023.0
whitefield,4.0,118.0,3.0,2134.0
whitefield,2.0,62.0,3.0,1458.0
whitefield,4.0,80.0,3.0,1808.0
whitefield,1.0,60.0,1.0,905.0
whitefield,2.0,70.0,3.0,1537.0
whitefield,2.0,55.0,2.0,1186.0
whitefield,3.0,85.0,3.0,1806.0
whitefield,2.0,67.0,2.0,1216.0
whitefield,3.0,90.0,3.0,1452.0
whitefield,2.0,55.0,2.0,1150.0
whitefield,3.0,69.0,3.0,1600.0
whitefield,5.0,190.0,4.0,2830.0
whitefield,2.0,78.5,2.0,1295.0
whitefield,1.0,57.6,1.0,840.0
whitefield,3.0,104.0,3.0,1991.0
whitefield,5.0,242.0,4.0,5200.0
whitefield,3.0,97.0,3.0,1655.0
whitefield,3.0,67.77,3.0,1200.0
whitefield,2.0,75.0,2.0,1216.0
whitefield,2.0,55.0,2.0,1115.0
whitefield,3.0,90.0,3.0,1870.0
whitefield,4.0,208.0,3.0,3450.0
whitefield,2.0,52.0,2.0,1100.0
whitefield,4.0,143.0,4.0,2400.0
whitefield,3.0,125.0,3.0,1836.0
whitefield,2.0,50.0,2.0,1197.0
whitefield,3.0,200.0,3.0,3596.0
whitefield,2.0,65.0,3.0,1275.0
whitefield,2.0,62.0,2.0,1141.0
whitefield,2.0,82.0,2.0,1216.0
whitefield,3.0,88.0,2.0,1495.0
whitefield,3.0,103.0,3.0,1564.0
whitefield,3.0,84.0,3.0,1585.0
whitefield,3.0,56.0,3.0,1200.0
whitefield,2.0,50.0,2.0,1140.0
whitefield,3.0,90.0,3.0,1558.0
whitefield,2.0,75.0,2.0,1216.0
whitefield,2.0,70.0,2.0,1227.0
whitefield,2.0,73.0,2.0,1256.0
whitefield,2.0,62.38,2.0,1195.0
whitefield,2.0,78.0,2.0,1300.0
whitefield,3.0,88.0,3.0,1570.0
whitefield,2.0,70.0,2.0,1240.0
whitefield,2.0,72.5,2.0,1216.0
whitefield,4.0,115.0,3.0,2025.0
whitefield,2.0,45.0,2.0,1020.0
whitefield,3.0,198.0,4.0,2990.0
whitefield,3.0,69.1,3.0,1600.0
whitefield,2.0,58.0,2.0,1205.0
whitefield,3.0,98.97,3.0,1720.0
whitefield,3.0,95.0,3.0,1600.0
whitefield,3.0,108.0,3.0,1655.0
whitefield,3.0,95.0,3.0,1740.0
whitefield,3.0,56.72,3.0,1200.0
whitefield,2.0,88.0,2.0,1350.0
whitefield,2.0,44.0,2.0,1030.0
whitefield,2.0,80.0,2.0,1216.0
whitefield,2.0,64.0,2.0,1190.0
whitefield,3.0,78.57,3.0,1500.0
whitefield,3.0,85.0,3.0,1626.0
whitefield,2.0,61.36,2.0,1195.0
whitefield,2.0,65.0,2.0,1100.0
whitefield,2.0,46.5,2.0,1100.0
whitefield,2.0,65.0,3.0,1270.0
whitefield,2.0,73.0,2.0,1216.0
whitefield,2.0,58.0,2.0,1135.0
whitefield,2.0,56.0,2.0,1185.0
whitefield,3.0,75.0,3.0,1530.0
whitefield,2.0,45.0,2.0,1015.0
whitefield,3.0,145.0,3.0,2247.0
whitefield,5.0,265.0,4.0,3940.0
whitefield,2.0,59.0,2.0,1190.0
whitefield,2.0,67.0,2.0,1160.0
whitefield,2.0,66.88,2.0,1216.0
whitefield,2.0,77.0,2.0,1180.0
whitefield,3.0,139.0,3.0,2140.0
whitefield,2.0,84.0,2.0,1314.0
whitefield,3.0,73.0,3.0,1530.0
whitefield,2.0,58.0,2.0,1012.0
whitefield,2.0,70.0,3.0,1495.0
whitefield,3.0,85.0,3.0,1431.0
whitefield,1.0,29.0,1.0,524.0
whitefield,4.0,161.0,4.0,2830.0
whitefield,2.0,188.0,4.0,3075.0
whitefield,3.0,110.0,3.0,1655.0
whitefield,1.0,57.0,1.0,840.0
whitefield,3.0,106.0,3.0,1725.0
whitefield,2.0,57.0,2.0,1059.0
whitefield,2.0,51.91,2.0,1116.0
whitefield,4.0,410.0,4.0,6000.0
whitefield,3.0,107.0,3.0,1639.0
whitefield,3.0,113.0,3.0,1820.0
whitefield,3.0,98.0,3.0,1990.0
whitefield,4.0,218.0,4.0,3565.0
whitefield,3.0,58.0,3.0,1345.0
whitefield,2.0,58.0,2.0,1300.0
whitefield,2.0,85.0,2.0,1250.0
whitefield,2.0,51.91,2.0,1115.0
whitefield,2.0,77.0,2.0,1277.0
whitefield,2.0,59.76,2.0,1245.0
whitefield,4.0,125.0,3.0,2280.0
whitefield,2.0,56.0,2.0,1170.0
whitefield,3.0,92.63,3.0,1639.5
whitefield,2.0,72.0,2.0,1390.0
whitefield,3.0,68.0,3.0,1634.0
whitefield,2.0,70.0,2.0,1190.0
whitefield,2.0,51.91,2.0,1116.0
whitefield,2.0,62.15,3.0,1436.0
whitefield,2.0,56.0,2.0,1370.0
whitefield,2.0,43.0,2.0,1050.0
whitefield,2.0,71.81,3.0,1496.0
whitefield,2.0,72.0,2.0,1216.0
whitefield,2.0,55.0,2.0,1158.0
whitefield,3.0,74.0,3.0,1396.0
whitefield,2.0,55.0,2.0,1315.0
whitefield,2.0,76.01,2.0,1346.0
whitefield,2.0,69.5,2.0,1276.0
whitefield,4.0,137.0,4.0,2858.0
whitefield,3.0,96.9,3.0,1615.0
whitefield,2.0,55.0,2.0,1220.0
whitefield,2.0,48.76,2.0,1116.0
whitefield,2.0,55.0,2.0,1140.0
whitefield,2.0,64.5,2.0,1295.0
whitefield,2.0,70.0,2.0,1200.0
whitefield,2.0,56.0,2.0,1015.0
whitefield,2.0,75.0,2.0,1216.0
whitefield,2.0,45.0,3.0,1010.0
whitefield,4.0,157.0,3.0,2321.0
whitefield,2.0,75.0,2.0,1224.0
whitefield,3.0,113.0,3.0,1655.0
whitefield,3.0,85.0,3.0,1740.0
whitefield,2.0,50.0,2.0,1175.0
whitefield,3.0,67.75,3.0,1200.0
whitefield,4.0,145.0,4.0,2444.0
whitefield,3.0,110.0,3.0,1660.0
whitefield,2.0,69.5,2.0,1315.0
whitefield,2.0,78.2,2.0,1173.0
whitefield,2.0,85.0,2.0,1362.0
whitefield,3.0,61.9,3.0,1500.0
whitefield,2.0,78.0,2.0,1495.0
whitefield,2.0,52.0,2.0,1270.0
whitefield,3.0,103.0,3.0,1564.0
whitefield,3.0,71.0,3.0,1500.0
whitefield,2.0,59.0,3.0,1404.0
whitefield,3.0,107.0,3.0,1639.0
whitefield,1.0,59.0,1.0,877.0
whitefield,5.0,154.5,4.0,2856.0
whitefield,4.0,231.0,5.0,3453.0
wilson garden,1.0,75.0,1.0,735.0
wilson garden,3.0,155.0,3.0,1655.0
wilson garden,3.0,135.0,3.0,1680.0
yelachenahalli,2.0,105.0,3.0,1464.0
yelachenahalli,1.0,150.0,2.0,2400.0
yelachenahalli,3.0,130.0,3.0,1700.0
yelachenahalli,2.0,55.0,2.0,1080.0
yelachenahalli,2.0,78.0,2.0,1400.0
yelachenahalli,3.0,73.5,3.0,1330.0
yelachenahalli,2.0,60.0,2.0,1100.0
yelachenahalli,2.0,72.0,3.0,1365.0
yelachenahalli,2.0,55.0,2.0,1103.0
yelachenahalli,2.0,50.0,2.0,1000.0
yelahanka,2.0,75.0,3.0,1600.0
yelahanka,2.0,78.0,2.0,1326.0
yelahanka,2.0,45.0,2.0,1035.0
yelahanka,2.0,48.13,2.0,1132.5
yelahanka,3.0,95.0,3.0,1705.0
yelahanka,2.0,62.5,2.0,1170.0
yelahanka,3.0,65.255,3.0,1450.0
yelahanka,2.0,55.0,2.0,1120.0
yelahanka,4.0,127.0,3.0,2195.0
yelahanka,2.0,51.5,2.0,1075.0
yelahanka,3.0,95.0,3.0,1614.0
yelahanka,2.0,40.0,2.0,890.0
yelahanka,3.0,82.0,3.0,1815.0
yelahanka,1.0,38.4,1.0,654.0
yelahanka,3.0,74.16,3.0,1705.0
yelahanka,4.0,131.0,4.0,3042.0
yelahanka,2.0,65.0,2.0,1300.0
yelahanka,3.0,105.0,3.0,1825.0
yelahanka,3.0,96.0,3.0,1603.0
yelahanka,2.0,79.0,2.0,1304.0
yelahanka,3.0,61.5,3.0,1455.0
yelahanka,2.0,48.0,2.0,915.0
yelahanka,3.0,76.3,3.0,1517.0
yelahanka,6.0,125.5,4.0,2912.5
yelahanka,2.0,27.0,2.0,600.0
yelahanka,2.0,65.0,3.0,1371.0
yelahanka,3.0,82.0,3.0,1712.0
yelahanka,3.0,55.0,3.0,1180.0
yelahanka,2.0,80.54,3.0,1400.0
yelahanka,2.0,64.5,3.0,1391.0
yelahanka,2.0,70.0,2.0,1200.0
yelahanka,2.0,57.0,2.0,1326.0
yelahanka,5.0,220.0,5.0,4000.0
yelahanka,4.0,140.0,4.0,2675.0
yelahanka,2.0,63.0,3.0,1500.0
yelahanka,1.0,37.0,1.0,654.0
yelahanka,3.0,80.01,3.0,1465.0
yelahanka,3.0,80.86,3.0,1721.0
yelahanka,2.0,52.71,2.0,1226.0
yelahanka,3.0,83.0,3.0,1692.0
yelahanka,2.0,52.58,2.0,1033.0
yelahanka,2.0,65.31,2.0,1390.0
yelahanka,2.0,48.86,2.0,1040.0
yelahanka,2.0,57.0,3.0,1345.0
yelahanka,3.0,125.0,3.0,2145.0
yelahanka,2.0,54.0,2.0,1200.0
yelahanka,2.0,75.0,2.0,1322.0
yelahanka,1.0,26.0,1.0,602.0
yelahanka,2.0,60.0,2.0,1100.0
yelahanka,3.0,108.0,3.0,1890.0
yelahanka,3.0,86.0,3.0,1556.0
yelahanka,4.0,85.0,3.0,1610.0
yelahanka,2.0,59.2,2.0,1260.0
yelahanka,2.0,52.0,2.0,1102.0
yelahanka,2.0,65.0,2.0,1519.0
yelahanka,3.0,108.0,3.0,1859.0
yelahanka,2.0,45.0,2.0,1050.0
yelahanka,2.0,80.0,2.0,1322.0
yelahanka,2.0,56.0,2.0,1285.0
yelahanka,2.0,43.0,2.0,845.0
yelahanka,2.0,78.0,2.0,1305.0
yelahanka,2.0,56.0,2.0,1180.0
yelahanka,3.0,85.61,3.0,1711.0
yelahanka,2.0,75.0,2.0,1315.0
yelahanka,6.0,200.0,6.0,3600.0
yelahanka,2.0,70.21,2.0,1390.0
yelahanka,3.0,95.0,3.0,1614.0
yelahanka,2.0,55.0,2.0,1200.0
yelahanka,3.0,90.0,3.0,1620.0
yelahanka,1.0,36.25,1.0,654.0
yelahanka,3.0,93.0,3.0,1614.0
yelahanka,1.0,30.84,1.0,694.0
yelahanka,2.0,60.0,2.0,1115.0
yelahanka,4.0,140.0,3.0,2317.0
yelahanka,3.0,93.0,3.0,1653.0
yelahanka,1.0,38.0,1.0,654.0
yelahanka,2.0,72.0,2.0,1633.0
yelahanka,2.0,82.0,2.0,1445.0
yelahanka,2.0,62.0,2.0,1225.0
yelahanka,1.0,35.0,1.0,697.0
yelahanka,1.0,36.23,1.0,682.0
yelahanka,2.0,52.59,2.0,1023.0
yelahanka,3.0,107.0,3.0,1780.0
yelahanka,2.0,75.0,3.0,1342.0
yelahanka,3.0,103.0,3.0,1823.0
yelahanka,3.0,104.0,3.0,1792.0
yelahanka,2.0,69.97,2.0,1304.0
yelahanka,2.0,54.0,2.0,1250.0
yelahanka,2.0,57.0,2.0,1270.0
yelahanka,2.0,69.23,2.0,1300.0
yelahanka,3.0,91.0,3.0,1705.0
yelahanka,4.0,85.0,3.0,1890.0
yelahanka,3.0,108.0,3.0,1835.0
yelahanka,3.0,92.0,3.0,1847.0
yelahanka,3.0,120.0,5.0,2500.0
yelahanka,3.0,109.0,3.0,1890.0
yelahanka,1.0,38.0,1.0,700.0
yelahanka,3.0,85.0,3.0,1491.0
yelahanka,5.0,110.0,4.0,2088.0
yelahanka,3.0,71.28,3.0,1517.0
yelahanka,3.0,73.95,3.0,1664.0
yelahanka,2.0,50.66,2.0,1140.0
yelahanka,2.0,60.0,2.0,1200.0
yelahanka,3.0,85.0,3.0,1705.0
yelahanka,1.0,42.535,1.0,827.5
yelahanka,2.0,53.105,2.0,1195.0
yelahanka,2.0,75.0,3.0,1355.0
yelahanka,4.0,156.0,4.0,3175.0
yelahanka,2.0,58.0,2.0,1104.0
yelahanka,2.0,58.0,3.0,1325.0
yelahanka,2.0,67.77,2.0,1175.0
yelahanka,2.0,77.9,2.0,1322.0
yelahanka,1.0,33.0,1.0,602.0
yelahanka,2.0,77.0,2.0,1315.0
yelahanka,3.0,61.0,3.0,1430.0
yelahanka,1.0,25.0,1.0,567.0
yelahanka,2.0,45.0,2.0,1045.0
yelahanka,2.0,30.0,1.0,602.0
yelahanka,2.0,66.0,2.0,1362.0
yelahanka,2.0,55.0,2.0,1180.0
yelahanka,2.0,78.19,2.0,1360.0
yelahanka,2.0,44.0,2.0,1025.0
yelahanka new town,1.0,33.0,1.0,650.0
yelahanka new town,1.0,20.0,1.0,500.0
yelahanka new town,1.0,16.5,1.0,440.0
yelahanka new town,2.0,26.0,2.0,550.0
yelahanka new town,3.0,92.0,3.0,1610.0
yelahanka new town,3.0,90.0,3.0,1700.0
yelahanka new town,1.0,13.5,1.0,350.0
yelahanka new town,3.0,80.0,3.0,1541.0
yelahanka new town,2.0,65.0,2.0,1385.0
yelahanka new town,2.0,24.0,1.0,500.0
yelahanka new town,1.0,16.0,1.0,450.0
yelahanka new town,3.0,80.0,3.0,1599.0
yelahanka new town,2.0,50.0,2.0,960.0
yelahanka new town,3.0,109.0,4.0,2095.0
yelahanka new town,2.0,65.0,3.0,1209.0
yelahanka new town,2.0,80.0,3.0,1400.0
yelahanka new town,1.0,18.0,1.0,500.0
yelahanka new town,2.0,75.0,3.0,1420.0
yelahanka new town,2.0,18.0,1.0,485.021334
yelahanka new town,3.0,125.0,3.0,2437.0
yelahanka new town,1.0,20.0,1.0,488.0
yelahanka new town,2.0,58.0,2.0,1100.0
yelahanka new town,1.0,31.0,2.0,860.0
yelahanka new town,2.0,44.0,2.0,1000.0
yelahanka new town,2.0,61.5,3.0,1426.0
yelahanka new town,2.0,70.0,2.0,1290.0
yelahanka new town,2.0,48.0,3.0,1000.0
yelenahalli,2.0,47.12,2.0,1240.0
yelenahalli,2.0,46.17,2.0,1200.0
yelenahalli,3.0,61.37,3.0,1600.0
yelenahalli,2.0,47.88,2.0,1260.0
yelenahalli,2.0,57.0,3.0,1500.0
yelenahalli,2.0,45.6,2.0,1200.0
yelenahalli,2.0,46.17,2.0,1200.0
yelenahalli,2.0,44.08,2.0,1160.0
yemlur,9.0,1900.0,8.0,12000.0
yemlur,5.0,2000.0,4.0,11000.0
yemlur,5.0,1675.0,4.0,8400.0
yemlur,5.0,1950.0,5.0,10000.0
yeshwanthpur,3.0,138.0,3.0,2502.0
yeshwanthpur,3.0,108.0,3.0,1693.0
yeshwanthpur,1.0,36.85,1.0,667.0
yeshwanthpur,4.0,130.0,4.0,1950.0
yeshwanthpur,1.0,36.85,1.0,665.0
yeshwanthpur,2.0,64.08,2.0,1161.0
yeshwanthpur,3.0,141.0,3.0,2557.0
yeshwanthpur,3.0,100.0,3.0,1850.0
yeshwanthpur,1.0,36.85,1.0,671.0
yeshwanthpur,2.0,95.815,2.0,1277.5
yeshwanthpur,1.0,36.85,1.0,668.0
yeshwanthpur,2.0,75.84,2.0,1185.0
yeshwanthpur,3.0,96.0,3.0,1313.0
yeshwanthpur,2.0,100.0,2.0,1400.0
yeshwanthpur,3.0,141.0,3.0,2559.0
yeshwanthpur,1.0,36.85,1.0,673.0
yeshwanthpur,2.0,49.475,2.0,717.0
yeshwanthpur,5.0,220.0,4.0,3600.0
yeshwanthpur,2.0,64.08,2.0,1168.0
yeshwanthpur,1.0,41.745,1.0,605.0
yeshwanthpur,2.0,76.18,3.0,1382.0
yeshwanthpur,1.0,36.85,1.0,669.0
yeshwanthpur,2.0,76.18,3.0,1385.0
yeshwanthpur,2.0,63.0,2.0,1200.0
yeshwanthpur,3.0,92.13,3.0,1679.0
yeshwanthpur,1.0,36.85,1.0,670.0
yeshwanthpur,2.0,76.18,3.0,1381.0
yeshwanthpur,3.0,92.13,3.0,1678.0
yeshwanthpur,2.0,80.0,2.0,1240.0
yeshwanthpur,3.0,110.0,3.0,1713.0
yeshwanthpur,2.0,67.0,2.0,1144.0
yeshwanthpur,3.0,138.0,3.0,2501.0
yeshwanthpur,2.0,100.0,2.0,1362.0
yeshwanthpur,1.0,36.8,1.0,666.0
yeshwanthpur,3.0,138.0,3.0,2504.0
yeshwanthpur,2.0,85.0,2.0,1165.0
yeshwanthpur,2.0,64.08,2.0,1163.0
yeshwanthpur,2.0,64.08,2.0,1165.0
yeshwanthpur,2.0,76.18,3.0,1384.0
yeshwanthpur,2.0,54.67,1.0,994.0
yeshwanthpur,1.0,40.0,1.0,650.0
yeshwanthpur,3.0,100.0,3.0,1500.0
yeshwanthpur,2.0,64.08,2.0,1167.0
yeshwanthpur,2.0,64.08,2.0,1164.0
yeshwanthpur,3.0,85.0,3.0,1520.0
yeshwanthpur,3.0,92.13,3.0,1677.0
yeshwanthpur,1.0,36.85,1.0,674.0
yeshwanthpur,2.0,76.18,3.0,1383.0
yeshwanthpur,1.0,36.85,1.0,672.0
yeshwanthpur,2.0,64.08,2.0,1162.0
yeshwanthpur,2.0,64.08,2.0,1166.0
yeshwanthpur,3.0,108.0,3.0,1692.0
yeshwanthpur,2.0,64.08,2.0,1169.0
yeshwanthpur,5.0,185.0,6.0,2500.0
yeshwanthpur,3.0,138.0,3.0,2500.0
yeshwanthpur,2.0,64.08,2.0,1160.0
yeshwanthpur,3.0,92.13,3.0,1676.0
yeshwanthpur,3.0,138.0,3.0,2503.0
yeshwanthpur,3.0,135.0,3.0,1855.0
yeshwanthpur,3.0,92.13,3.0,1675.0
